,loss,accuracy,MeanIoU,iou_positive,iou_negative,iou_average,val_loss,val_accuracy,val_MeanIoU,val_iou_positive,val_iou_negative,val_iou_average,lr
0,0.3226693272590637,0.9308033585548401,0.4734981656074524,0.017251674085855484,0.9297446608543396,0.4734981656074524,0.2673773169517517,0.9786441922187805,0.4893221855163574,1.0569640492973532e-14,0.9786443710327148,0.4893221855163574,1e-04
1,0.24972599744796753,0.9788970947265625,0.4894486367702484,2.285306750153364e-15,0.9788972735404968,0.4894486367702484,0.2559283375740051,0.9786443114280701,0.4893221855163574,1.0569640492973532e-14,0.9786443114280701,0.48932215571403503,1e-04
2,0.24786892533302307,0.9788972735404968,0.4894486963748932,2.2853251731199667e-15,0.9788973927497864,0.4894486963748932,0.25062933564186096,0.9786443710327148,0.4893221855163574,1.0569640492973532e-14,0.9786443710327148,0.4893221855163574,1e-04
3,0.24689093232154846,0.9788972735404968,0.4894486963748932,2.2853262319111507e-15,0.9788973927497864,0.4894486963748932,0.24792343378067017,0.9786443710327148,0.4893221855163574,1.0569640492973532e-14,0.9786443710327148,0.4893221855163574,1e-04
4,0.24622419476509094,0.9788972735404968,0.4894486963748932,2.2853266554276244e-15,0.9788973927497864,0.4894486963748932,0.24657489359378815,0.9786443710327148,0.4893221855163574,1.0569640492973532e-14,0.9786443710327148,0.4893221855163574,1e-04
5,0.24576546251773834,0.9788972735404968,0.4894486963748932,2.2853266554276244e-15,0.9788973927497864,0.4894486963748932,0.24589064717292786,0.9786443710327148,0.4893221855163574,1.0569640492973532e-14,0.9786443710327148,0.4893221855163574,1e-04
6,0.2454388588666916,0.9788972735404968,0.4894486963748932,2.2853266554276244e-15,0.9788973927497864,0.4894486963748932,0.2455051839351654,0.9786441922187805,0.4893221855163574,1.0569640492973532e-14,0.9786443710327148,0.4893221855163574,1e-04
7,0.24519576132297516,0.9788972735404968,0.4894486963748932,2.2853266554276244e-15,0.9788973927497864,0.4894486963748932,0.24530038237571716,0.9786443114280701,0.4893221855163574,1.0569640492973532e-14,0.9786443114280701,0.48932215571403503,1e-04
8,0.24502216279506683,0.9788972735404968,0.4894486963748932,2.2853266554276244e-15,0.9788973927497864,0.4894486963748932,0.24517309665679932,0.9786441922187805,0.4893221855163574,1.0569640492973532e-14,0.9786443710327148,0.4893221855163574,1e-04
9,0.24488703906536102,0.9788972735404968,0.4894486963748932,2.2853266554276244e-15,0.9788973927497864,0.4894486963748932,0.2450718879699707,0.9786441922187805,0.4893221855163574,1.0569640492973532e-14,0.9786443710327148,0.4893221855163574,1e-04
10,0.24476055800914764,0.9788972735404968,0.4894486963748932,2.2853266554276244e-15,0.9788973927497864,0.4894486963748932,0.24496886134147644,0.9786443710327148,0.4893221855163574,1.0569640492973532e-14,0.9786443710327148,0.4893221855163574,1e-04
11,0.2446197271347046,0.9788972735404968,0.4894486963748932,2.2853266554276244e-15,0.9788973927497864,0.4894486963748932,0.24482686817646027,0.9786443114280701,0.4893221855163574,1.0569640492973532e-14,0.9786443114280701,0.48932215571403503,1e-04
12,0.24445687234401703,0.9788972735404968,0.4894486963748932,2.2853266554276244e-15,0.9788973927497864,0.4894486963748932,0.24465042352676392,0.9786443710327148,0.4893221855163574,1.0569640492973532e-14,0.9786443710327148,0.4893221855163574,1e-04
13,0.2442546933889389,0.9788972735404968,0.4894486963748932,2.2853266554276244e-15,0.9788973927497864,0.4894486963748932,0.24462105333805084,0.9786441922187805,0.4893221855163574,1.0569640492973532e-14,0.9786443710327148,0.4893221855163574,1e-04
14,0.2441786825656891,0.9788972735404968,0.4894486963748932,2.2853266554276244e-15,0.9788973927497864,0.4894486963748932,0.24454328417778015,0.9786443114280701,0.4893221855163574,1.0569640492973532e-14,0.9786443114280701,0.48932215571403503,1e-04
15,0.24400606751441956,0.9788972735404968,0.4894486963748932,2.2853266554276244e-15,0.9788973927497864,0.4894486963748932,0.24438248574733734,0.9786444902420044,0.4893221855163574,1.0569640492973532e-14,0.9786443114280701,0.48932215571403503,1e-04
16,0.2438546121120453,0.9788972735404968,0.4894486963748932,2.2853266554276244e-15,0.9788973927497864,0.4894486963748932,0.24422243237495422,0.9786443114280701,0.4893221855163574,1.0569640492973532e-14,0.9786443114280701,0.48932215571403503,1e-04
17,0.24366934597492218,0.9788972735404968,0.4894486963748932,2.2853266554276244e-15,0.9788973927497864,0.4894486963748932,0.24399514496326447,0.9786443114280701,0.4893221855163574,1.0569640492973532e-14,0.9786443114280701,0.48932215571403503,1e-04
18,0.24328625202178955,0.9788972735404968,0.4894486963748932,2.2853262319111507e-15,0.9788973927497864,0.4894486963748932,0.24278376996517181,0.9786443710327148,0.4893221855163574,1.0569640492973532e-14,0.9786443710327148,0.4893221855163574,1e-04
19,0.24274854362010956,0.9788972735404968,0.4894486963748932,2.2853266554276244e-15,0.9788973927497864,0.4894486963748932,0.24289260804653168,0.9786443710327148,0.4893221855163574,1.0569640492973532e-14,0.9786443710327148,0.4893221855163574,1e-04
20,0.24244333803653717,0.9788972735404968,0.4894486963748932,2.2853266554276244e-15,0.9788973927497864,0.4894486963748932,0.24254503846168518,0.9786443114280701,0.4893221855163574,1.0569640492973532e-14,0.9786443114280701,0.48932215571403503,1e-04
21,0.24234606325626373,0.9788972735404968,0.4894486963748932,2.2853266554276244e-15,0.9788973927497864,0.4894486963748932,0.24253782629966736,0.9786443710327148,0.4893221855163574,1.0569640492973532e-14,0.9786443710327148,0.4893221855163574,1e-04
22,0.24223105609416962,0.9788972735404968,0.4894486963748932,2.2853266554276244e-15,0.9788973927497864,0.4894486963748932,0.24251627922058105,0.9786443710327148,0.4893221855163574,1.0569640492973532e-14,0.9786443710327148,0.4893221855163574,1e-04
23,0.24219655990600586,0.9788972735404968,0.4894486963748932,2.2853266554276244e-15,0.9788973927497864,0.4894486963748932,0.24247325956821442,0.9786443114280701,0.4893221855163574,1.0569640492973532e-14,0.9786443114280701,0.48932215571403503,1e-04
24,0.24214938282966614,0.9788972735404968,0.4894486963748932,2.2853266554276244e-15,0.9788973927497864,0.4894486963748932,0.2424495667219162,0.9786443710327148,0.4893221855163574,1.0569640492973532e-14,0.9786443710327148,0.4893221855163574,1e-04
25,0.24214373528957367,0.9788972735404968,0.4894486963748932,2.2853266554276244e-15,0.9788973927497864,0.4894486963748932,0.2424473911523819,0.9786443114280701,0.4893221855163574,1.0569640492973532e-14,0.9786443114280701,0.48932215571403503,1e-04
26,0.24212568998336792,0.9788972735404968,0.4894486963748932,2.2853266554276244e-15,0.9788973927497864,0.4894486963748932,0.24241651594638824,0.9786443710327148,0.4893221855163574,1.0569640492973532e-14,0.9786443710327148,0.4893221855163574,1e-04
27,0.24208736419677734,0.9788972735404968,0.4894486963748932,2.2853266554276244e-15,0.9788973927497864,0.4894486963748932,0.2424396574497223,0.9786443710327148,0.4893221855163574,1.0569640492973532e-14,0.9786443710327148,0.4893221855163574,1e-04
28,0.24205611646175385,0.9788972735404968,0.4894486963748932,2.2853266554276244e-15,0.9788973927497864,0.4894486963748932,0.24242761731147766,0.9786443710327148,0.4893221855163574,1.0569640492973532e-14,0.9786443710327148,0.4893221855163574,1e-04
29,0.24205410480499268,0.9788972735404968,0.4894486963748932,2.2853266554276244e-15,0.9788973927497864,0.4894486963748932,0.2423657923936844,0.9786443710327148,0.4893221855163574,1.0569640492973532e-14,0.9786443710327148,0.4893221855163574,1e-04
30,0.24202409386634827,0.9788972735404968,0.4894486963748932,2.2853266554276244e-15,0.9788973927497864,0.4894486963748932,0.242365300655365,0.9786443114280701,0.4893221855163574,1.0569640492973532e-14,0.9786443114280701,0.48932215571403503,1e-04
31,0.24201257526874542,0.9788972735404968,0.4894486963748932,2.2853266554276244e-15,0.9788973927497864,0.4894486963748932,0.2423369437456131,0.9786443710327148,0.4893221855163574,1.0569640492973532e-14,0.9786443710327148,0.4893221855163574,1e-04
32,0.2420128881931305,0.9788972735404968,0.4894486963748932,2.2853266554276244e-15,0.9788973927497864,0.4894486963748932,0.2423119693994522,0.9786443710327148,0.4893221855163574,1.0569640492973532e-14,0.9786443710327148,0.4893221855163574,1e-04
33,0.2419748455286026,0.9788972735404968,0.4894486963748932,2.2853266554276244e-15,0.9788973927497864,0.4894486963748932,0.24231702089309692,0.9786443114280701,0.4893221855163574,1.0569640492973532e-14,0.9786443114280701,0.48932215571403503,1e-04
34,0.24194812774658203,0.9788972735404968,0.4894486963748932,2.2853266554276244e-15,0.9788973927497864,0.4894486963748932,0.24229004979133606,0.9786443710327148,0.4893221855163574,1.0569640492973532e-14,0.9786443710327148,0.4893221855163574,1e-04
35,0.2419266551733017,0.9788972735404968,0.4894486963748932,2.2853266554276244e-15,0.9788973927497864,0.4894486963748932,0.24225006997585297,0.9786443710327148,0.4893221855163574,1.0569640492973532e-14,0.9786443710327148,0.4893221855163574,1e-04
36,0.24191394448280334,0.9788972735404968,0.4894486963748932,2.2853266554276244e-15,0.9788973927497864,0.4894486963748932,0.24222271144390106,0.9786441922187805,0.4893221855163574,1.0569640492973532e-14,0.9786443710327148,0.4893221855163574,1e-04
37,0.2419303059577942,0.9788972735404968,0.4894486963748932,2.2853266554276244e-15,0.9788973927497864,0.4894486963748932,0.24220003187656403,0.9786443710327148,0.4893221855163574,1.0569640492973532e-14,0.9786443710327148,0.4893221855163574,1e-04
38,0.24189065396785736,0.9788972735404968,0.4894486963748932,2.2853266554276244e-15,0.9788973927497864,0.4894486963748932,0.2422121912240982,0.9786443710327148,0.4893221855163574,1.0569640492973532e-14,0.9786443710327148,0.4893221855163574,1e-04
39,0.2418687492609024,0.9788972735404968,0.4894486963748932,2.2853266554276244e-15,0.9788973927497864,0.4894486963748932,0.24220535159111023,0.9786441922187805,0.4893221855163574,1.0569640492973532e-14,0.9786443710327148,0.4893221855163574,1e-04
40,0.24185626208782196,0.9788972735404968,0.4894486963748932,2.2853266554276244e-15,0.9788973927497864,0.4894486963748932,0.2422153353691101,0.9786443114280701,0.4893221855163574,1.0569640492973532e-14,0.9786443114280701,0.48932215571403503,1e-04
41,0.24189592897891998,0.9788972735404968,0.4894486963748932,2.2853266554276244e-15,0.9788973927497864,0.4894486963748932,0.24220086634159088,0.9786443114280701,0.4893221855163574,1.0569640492973532e-14,0.9786443114280701,0.48932215571403503,1e-04
42,0.24190334975719452,0.9788972735404968,0.4894486963748932,2.2853266554276244e-15,0.9788973927497864,0.4894486963748932,0.24215224385261536,0.9786443710327148,0.4893221855163574,1.0569640492973532e-14,0.9786443710327148,0.4893221855163574,1e-04
43,0.24184316396713257,0.9788972735404968,0.4894486963748932,2.2853266554276244e-15,0.9788973927497864,0.4894486963748932,0.24217306077480316,0.9786443114280701,0.4893221855163574,1.0569640492973532e-14,0.9786443114280701,0.48932215571403503,1e-04
44,0.24183575809001923,0.9788972735404968,0.4894486963748932,2.2853266554276244e-15,0.9788973927497864,0.4894486963748932,0.24215370416641235,0.9786444902420044,0.4893221855163574,1.0569640492973532e-14,0.9786443114280701,0.48932215571403503,1e-04
45,0.2418442815542221,0.9788972735404968,0.4894486963748932,2.2853266554276244e-15,0.9788973927497864,0.4894486963748932,0.24211058020591736,0.9786443710327148,0.4893221855163574,1.0569640492973532e-14,0.9786443710327148,0.4893221855163574,1e-04
46,0.241842120885849,0.9788972735404968,0.4894486963748932,2.2853266554276244e-15,0.9788973927497864,0.4894486963748932,0.24214133620262146,0.9786443710327148,0.4893221855163574,1.0569640492973532e-14,0.9786443710327148,0.4893221855163574,1e-04
47,0.24182114005088806,0.9788972735404968,0.4894486963748932,2.2853266554276244e-15,0.9788973927497864,0.4894486963748932,0.24212971329689026,0.9786443710327148,0.4893221855163574,1.0569640492973532e-14,0.9786443710327148,0.4893221855163574,1e-04
48,0.24180439114570618,0.9788972735404968,0.4894486963748932,2.2853266554276244e-15,0.9788973927497864,0.4894486963748932,0.2420978844165802,0.9786443710327148,0.4893221855163574,1.0569640492973532e-14,0.9786443710327148,0.4893221855163574,5e-05
49,0.2417895793914795,0.9788972735404968,0.4894486963748932,2.2853266554276244e-15,0.9788973927497864,0.4894486963748932,0.24208270013332367,0.9786443114280701,0.4893221855163574,1.0569640492973532e-14,0.9786443114280701,0.48932215571403503,5e-05
50,0.24176469445228577,0.9788972735404968,0.4894486963748932,2.2853266554276244e-15,0.9788973927497864,0.4894486963748932,0.2420676350593567,0.9786444902420044,0.4893221855163574,1.0569640492973532e-14,0.9786443114280701,0.48932215571403503,5e-05
51,0.2417573183774948,0.9788972735404968,0.4894486963748932,2.2853266554276244e-15,0.9788973927497864,0.4894486963748932,0.24206292629241943,0.9786443114280701,0.4893221855163574,1.0569640492973532e-14,0.9786443114280701,0.48932215571403503,5e-05
52,0.24173536896705627,0.9788972735404968,0.4894486963748932,2.2853266554276244e-15,0.9788973927497864,0.4894486963748932,0.24205949902534485,0.9786444902420044,0.4893221855163574,1.0569640492973532e-14,0.9786443114280701,0.48932215571403503,5e-05
53,0.24173128604888916,0.9788972735404968,0.4894486963748932,2.2853266554276244e-15,0.9788973927497864,0.4894486963748932,0.24204093217849731,0.9786443710327148,0.4893221855163574,1.0569640492973532e-14,0.9786443710327148,0.4893221855163574,5e-05
54,0.2416747808456421,0.9788972735404968,0.4894486963748932,2.2853266554276244e-15,0.9788973927497864,0.4894486963748932,0.2419230192899704,0.9786441922187805,0.4893221855163574,1.0569640492973532e-14,0.9786443710327148,0.4893221855163574,5e-05
55,0.24166351556777954,0.9788972735404968,0.4894486963748932,2.2853266554276244e-15,0.9788973927497864,0.4894486963748932,0.2420082837343216,0.9786443114280701,0.4893221855163574,1.0569640492973532e-14,0.9786443114280701,0.48932215571403503,5e-05
56,0.2415851503610611,0.9788972735404968,0.4894486963748932,2.2853266554276244e-15,0.9788973927497864,0.4894486963748932,0.24187903106212616,0.9786443114280701,0.4893221855163574,1.0569640492973532e-14,0.9786443114280701,0.48932215571403503,5e-05
57,0.24157419800758362,0.9788972735404968,0.4894486963748932,2.2853266554276244e-15,0.9788973927497864,0.4894486963748932,0.24184487760066986,0.9786443710327148,0.4893221855163574,1.0569640492973532e-14,0.9786443710327148,0.4893221855163574,5e-05
58,0.2413950264453888,0.9788972735404968,0.4894486963748932,2.2853266554276244e-15,0.9788973927497864,0.4894486963748932,0.2417718768119812,0.9786443710327148,0.4893221855163574,1.0569640492973532e-14,0.9786443710327148,0.4893221855163574,5e-05
59,0.2413083165884018,0.9788972735404968,0.4894486963748932,2.2853266554276244e-15,0.9788973927497864,0.4894486963748932,0.24171622097492218,0.9786443114280701,0.4893221855163574,1.0569640492973532e-14,0.9786443114280701,0.48932215571403503,5e-05
60,0.241230770945549,0.9788972735404968,0.4894486963748932,2.2853266554276244e-15,0.9788973927497864,0.4894486963748932,0.24171587824821472,0.9786443710327148,0.4893221855163574,1.0569640492973532e-14,0.9786443710327148,0.4893221855163574,5e-05
61,0.24110619723796844,0.9788972735404968,0.4894486963748932,2.2853266554276244e-15,0.9788973927497864,0.4894486963748932,0.2415759116411209,0.9786443114280701,0.4893221855163574,1.0569640492973532e-14,0.9786443114280701,0.48932215571403503,5e-05
62,0.2420225441455841,0.9788972735404968,0.4894486963748932,2.2853266554276244e-15,0.9788973927497864,0.4894486963748932,0.2415534406900406,0.9786443114280701,0.4893221855163574,1.0569640492973532e-14,0.9786443114280701,0.48932215571403503,5e-05
63,0.24160747230052948,0.9788972735404968,0.4894486963748932,2.2853266554276244e-15,0.9788973927497864,0.4894486963748932,0.2418367713689804,0.9786443114280701,0.4893221855163574,1.0569640492973532e-14,0.9786443114280701,0.48932215571403503,5e-05
64,0.24124513566493988,0.9788972735404968,0.4894486963748932,2.2853266554276244e-15,0.9788973927497864,0.4894486963748932,0.2416158765554428,0.9786443710327148,0.4893221855163574,1.0569640492973532e-14,0.9786443710327148,0.4893221855163574,5e-05
65,0.24144792556762695,0.9788972735404968,0.4894486963748932,2.2853266554276244e-15,0.9788973927497864,0.4894486963748932,0.24159178137779236,0.9786443710327148,0.4893221855163574,1.0569640492973532e-14,0.9786443710327148,0.4893221855163574,5e-05
66,0.24107201397418976,0.9788972735404968,0.4894486963748932,2.2853266554276244e-15,0.9788973927497864,0.4894486963748932,0.24156951904296875,0.9786443114280701,0.4893221855163574,1.0569640492973532e-14,0.9786443114280701,0.48932215571403503,5e-05
67,0.24095448851585388,0.9788972735404968,0.4894486963748932,2.2853266554276244e-15,0.9788973927497864,0.4894486963748932,0.2414746880531311,0.9786441922187805,0.4893221855163574,1.0569640492973532e-14,0.9786443710327148,0.4893221855163574,5e-05
68,0.24068081378936768,0.9788972735404968,0.4894486963748932,2.2853266554276244e-15,0.9788973927497864,0.4894486963748932,0.24107611179351807,0.9786443114280701,0.4893221855163574,1.0569640492973532e-14,0.9786443114280701,0.48932215571403503,5e-05
69,0.24016855657100677,0.9788972735404968,0.4894486963748932,2.2853266554276244e-15,0.9788973927497864,0.4894486963748932,0.24101024866104126,0.9786443710327148,0.4893221855163574,1.0569640492973532e-14,0.9786443710327148,0.4893221855163574,5e-05
70,0.23992645740509033,0.9788972735404968,0.4894486963748932,2.2853266554276244e-15,0.9788973927497864,0.4894486963748932,0.2412085384130478,0.9786443710327148,0.4893221855163574,1.0569640492973532e-14,0.9786443710327148,0.4893221855163574,5e-05
71,0.239968940615654,0.9788972735404968,0.4894486963748932,2.2853266554276244e-15,0.9788973927497864,0.4894486963748932,0.24038554728031158,0.9786441922187805,0.4893221855163574,1.0569640492973532e-14,0.9786443710327148,0.4893221855163574,5e-05
72,0.23987960815429688,0.9788972735404968,0.4894486963748932,2.2853266554276244e-15,0.9788973927497864,0.4894486963748932,0.24199698865413666,0.9786444902420044,0.4893221855163574,1.0569640492973532e-14,0.9786443114280701,0.48932215571403503,5e-05
73,0.23946890234947205,0.9788972735404968,0.4894486963748932,2.2853262319111507e-15,0.9788973927497864,0.4894486963748932,0.24015359580516815,0.9786441922187805,0.4893221855163574,1.0569640492973532e-14,0.9786443710327148,0.4893221855163574,5e-05
74,0.23901841044425964,0.9788972735404968,0.4894486963748932,2.2853262319111507e-15,0.9788973927497864,0.4894486963748932,0.23971053957939148,0.9786443710327148,0.4893221855163574,1.0569640492973532e-14,0.9786443710327148,0.4893221855163574,5e-05
75,0.23851758241653442,0.9788972735404968,0.48944881558418274,2.285326701212398e-07,0.9788973927497864,0.48944881558418274,0.2389146089553833,0.9786443710327148,0.4893221855163574,1.0569640492973532e-14,0.9786443710327148,0.4893221855163574,5e-05
76,0.2384771704673767,0.9788972735404968,0.48944973945617676,2.056788389381836e-06,0.9788973927497864,0.48944973945617676,0.23863554000854492,0.9786443710327148,0.4893221855163574,1.0569640492973532e-14,0.9786443710327148,0.4893221855163574,5e-05
77,0.2380584478378296,0.9788970947265625,0.48945701122283936,1.691090437816456e-05,0.9788971543312073,0.48945704102516174,0.23791609704494476,0.9786443710327148,0.4893221855163574,1.0569640492973532e-14,0.9786443710327148,0.4893221855163574,5e-05
78,0.23757797479629517,0.9788960814476013,0.489481121301651,6.580998160643503e-05,0.9788963794708252,0.4894810914993286,0.23773078620433807,0.9786443710327148,0.4893221855163574,1.0569640492973532e-14,0.9786443710327148,0.4893221855163574,5e-05
79,0.23708903789520264,0.9788935780525208,0.48962247371673584,0.0003515254065860063,0.9788934588432312,0.4896225035190582,0.23742720484733582,0.9786443710327148,0.4893221855163574,1.0569640492973532e-14,0.9786443710327148,0.4893221855163574,5e-05
80,0.2358827441930771,0.9788835048675537,0.49085307121276855,0.0028237239457666874,0.978882372379303,0.49085304141044617,0.2363470196723938,0.9786443710327148,0.4893221855163574,1.0569640492973532e-14,0.9786443710327148,0.4893221855163574,5e-05
81,0.23492036759853363,0.9788845181465149,0.4964989721775055,0.014119843021035194,0.9788781404495239,0.4964990019798279,0.23632954061031342,0.9786978960037231,0.49088478088378906,0.0030729868449270725,0.9786967039108276,0.49088484048843384,5e-05
82,0.2348734736442566,0.9789020419120789,0.5133069753646851,0.0477345772087574,0.978879451751709,0.5133070349693298,0.23603352904319763,0.9793682098388672,0.5192844271659851,0.05922771990299225,0.9793412089347839,0.5192844867706299,5e-05
83,0.23395606875419617,0.9790889620780945,0.5223678946495056,0.06567766517400742,0.9790581464767456,0.5223678946495056,0.23467902839183807,0.9801394939422607,0.5453295111656189,0.11056883633136749,0.9800902009010315,0.5453295111656189,5e-05
84,0.23356576263904572,0.9792799949645996,0.5442894101142883,0.1093520075082779,0.9792268872261047,0.5442894697189331,0.23479637503623962,0.9802809357643127,0.5505414009094238,0.12085562944412231,0.9802272915840149,0.5505414605140686,5e-05
85,0.23291371762752533,0.9797031283378601,0.5584303736686707,0.13722369074821472,0.979637086391449,0.5584303736686707,0.23474560678005219,0.9797192811965942,0.5811936855316162,0.18276074528694153,0.9796266555786133,0.5811936855316162,5e-05
86,0.23232638835906982,0.9801763296127319,0.5742618441581726,0.16842733323574066,0.9800963997840881,0.5742618441581726,0.23399734497070312,0.9806246161460876,0.5811283588409424,0.18171583116054535,0.9805408716201782,0.5811283588409424,5e-05
87,0.23183922469615936,0.9803688526153564,0.5822399854660034,0.18419843912124634,0.9802815914154053,0.5822399854660034,0.2341802716255188,0.980559766292572,0.5859963297843933,0.19152265787124634,0.9804700016975403,0.5859963297843933,5e-05
88,0.23087236285209656,0.9811142683029175,0.5992821455001831,0.21754953265190125,0.9810147285461426,0.5992821455001831,0.23369163274765015,0.9807226657867432,0.5892406105995178,0.19785083830356598,0.9806303381919861,0.5892406105995178,5e-05
89,0.23038874566555023,0.9814565777778625,0.6096845269203186,0.23802031576633453,0.9813487529754639,0.6096845269203186,0.23336151242256165,0.9808579087257385,0.5999336838722229,0.219112828373909,0.9807544946670532,0.5999336838722229,5e-05
90,0.22958847880363464,0.9819737672805786,0.6175520420074463,0.2532411813735962,0.9818629026412964,0.6175520420074463,0.23276400566101074,0.9809708595275879,0.6054089665412903,0.2299557328224182,0.9808620810508728,0.6054089069366455,5e-05
91,0.2288656383752823,0.9823707938194275,0.6286531686782837,0.27505430579185486,0.9822520613670349,0.6286531686782837,0.23176978528499603,0.9812799096107483,0.6151437163352966,0.24912449717521667,0.9811630249023438,0.6151437759399414,5e-05
92,0.22845719754695892,0.9828169345855713,0.6348601579666138,0.28702282905578613,0.9826974272727966,0.6348601579666138,0.23249013721942902,0.9808647632598877,0.6224415302276611,0.26415055990219116,0.9807325601577759,0.6224415302276611,5e-05
93,0.2281721532344818,0.9828711152076721,0.6373900175094604,0.29203104972839355,0.9827491641044617,0.63739013671875,0.23273228108882904,0.9813305735588074,0.6155791282653809,0.24994468688964844,0.9812135696411133,0.6155791282653809,5e-05
94,0.22753342986106873,0.983318030834198,0.6465574502944946,0.30992305278778076,0.9831917881965637,0.6465574502944946,0.23282913863658905,0.9816631078720093,0.6193143129348755,0.25708267092704773,0.9815459847450256,0.6193143129348755,5e-05
95,0.2270636111497879,0.9835945963859558,0.650634765625,0.3178010582923889,0.9834682941436768,0.6506346464157104,0.23167407512664795,0.9818416833877563,0.6224645376205444,0.26320600509643555,0.9817231297492981,0.6224645376205444,5e-05
96,0.22637808322906494,0.9840350151062012,0.6603820323944092,0.3368592858314514,0.9839047789573669,0.6603820323944092,0.23213918507099152,0.9814457893371582,0.6376981735229492,0.29409515857696533,0.9813013076782227,0.637698233127594,5e-05
97,0.22569529712200165,0.9845131039619446,0.668943464756012,0.3535061776638031,0.9843807220458984,0.668943464756012,0.23187318444252014,0.9818161129951477,0.6192774176597595,0.2568538188934326,0.9817010164260864,0.6192774176597595,5e-05
98,0.2256338745355606,0.9844586253166199,0.6685241460800171,0.3527224063873291,0.9843258857727051,0.6685241460800171,0.2329377681016922,0.9817695617675781,0.6160866022109985,0.25051549077033997,0.9816577434539795,0.6160866022109985,5e-05
99,0.22508613765239716,0.9847652912139893,0.6748409271240234,0.36505138874053955,0.9846304059028625,0.6748409271240234,0.230866476893425,0.9821615815162659,0.6433678269386292,0.30471470952033997,0.982020914554596,0.6433678269386292,5e-05
