,PNG,MASK
0,/root/StrokeDataset/Bleeding/PNG/10002.png,/root/StrokeDataset/Bleeding/MASK/10002.npy
1,/root/StrokeDataset/Bleeding/PNG/10033.png,/root/StrokeDataset/Bleeding/MASK/10033.npy
2,/root/StrokeDataset/Bleeding/PNG/10036.png,/root/StrokeDataset/Bleeding/MASK/10036.npy
3,/root/StrokeDataset/Bleeding/PNG/10039.png,/root/StrokeDataset/Bleeding/MASK/10039.npy
4,/root/StrokeDataset/Bleeding/PNG/10045.png,/root/StrokeDataset/Bleeding/MASK/10045.npy
5,/root/StrokeDataset/Bleeding/PNG/10046.png,/root/StrokeDataset/Bleeding/MASK/10046.npy
6,/root/StrokeDataset/Bleeding/PNG/10047.png,/root/StrokeDataset/Bleeding/MASK/10047.npy
7,/root/StrokeDataset/Bleeding/PNG/10049.png,/root/StrokeDataset/Bleeding/MASK/10049.npy
8,/root/StrokeDataset/Bleeding/PNG/10050.png,/root/StrokeDataset/Bleeding/MASK/10050.npy
9,/root/StrokeDataset/Bleeding/PNG/10052.png,/root/StrokeDataset/Bleeding/MASK/10052.npy
10,/root/StrokeDataset/Bleeding/PNG/10063.png,/root/StrokeDataset/Bleeding/MASK/10063.npy
11,/root/StrokeDataset/Bleeding/PNG/10067.png,/root/StrokeDataset/Bleeding/MASK/10067.npy
12,/root/StrokeDataset/Bleeding/PNG/10068.png,/root/StrokeDataset/Bleeding/MASK/10068.npy
13,/root/StrokeDataset/Bleeding/PNG/10075.png,/root/StrokeDataset/Bleeding/MASK/10075.npy
14,/root/StrokeDataset/Bleeding/PNG/10078.png,/root/StrokeDataset/Bleeding/MASK/10078.npy
15,/root/StrokeDataset/Bleeding/PNG/10094.png,/root/StrokeDataset/Bleeding/MASK/10094.npy
16,/root/StrokeDataset/Bleeding/PNG/10113.png,/root/StrokeDataset/Bleeding/MASK/10113.npy
17,/root/StrokeDataset/Bleeding/PNG/10116.png,/root/StrokeDataset/Bleeding/MASK/10116.npy
18,/root/StrokeDataset/Bleeding/PNG/10120.png,/root/StrokeDataset/Bleeding/MASK/10120.npy
19,/root/StrokeDataset/Bleeding/PNG/10134.png,/root/StrokeDataset/Bleeding/MASK/10134.npy
20,/root/StrokeDataset/Bleeding/PNG/10143.png,/root/StrokeDataset/Bleeding/MASK/10143.npy
21,/root/StrokeDataset/Bleeding/PNG/10146.png,/root/StrokeDataset/Bleeding/MASK/10146.npy
22,/root/StrokeDataset/Bleeding/PNG/10150.png,/root/StrokeDataset/Bleeding/MASK/10150.npy
23,/root/StrokeDataset/Bleeding/PNG/10154.png,/root/StrokeDataset/Bleeding/MASK/10154.npy
24,/root/StrokeDataset/Bleeding/PNG/10155.png,/root/StrokeDataset/Bleeding/MASK/10155.npy
25,/root/StrokeDataset/Bleeding/PNG/10156.png,/root/StrokeDataset/Bleeding/MASK/10156.npy
26,/root/StrokeDataset/Bleeding/PNG/10190.png,/root/StrokeDataset/Bleeding/MASK/10190.npy
27,/root/StrokeDataset/Bleeding/PNG/10194.png,/root/StrokeDataset/Bleeding/MASK/10194.npy
28,/root/StrokeDataset/Bleeding/PNG/10210.png,/root/StrokeDataset/Bleeding/MASK/10210.npy
29,/root/StrokeDataset/Bleeding/PNG/10214.png,/root/StrokeDataset/Bleeding/MASK/10214.npy
30,/root/StrokeDataset/Bleeding/PNG/10222.png,/root/StrokeDataset/Bleeding/MASK/10222.npy
31,/root/StrokeDataset/Bleeding/PNG/10223.png,/root/StrokeDataset/Bleeding/MASK/10223.npy
32,/root/StrokeDataset/Bleeding/PNG/10234.png,/root/StrokeDataset/Bleeding/MASK/10234.npy
33,/root/StrokeDataset/Bleeding/PNG/10245.png,/root/StrokeDataset/Bleeding/MASK/10245.npy
34,/root/StrokeDataset/Bleeding/PNG/10250.png,/root/StrokeDataset/Bleeding/MASK/10250.npy
35,/root/StrokeDataset/Bleeding/PNG/10253.png,/root/StrokeDataset/Bleeding/MASK/10253.npy
36,/root/StrokeDataset/Bleeding/PNG/10258.png,/root/StrokeDataset/Bleeding/MASK/10258.npy
37,/root/StrokeDataset/Bleeding/PNG/10261.png,/root/StrokeDataset/Bleeding/MASK/10261.npy
38,/root/StrokeDataset/Bleeding/PNG/10265.png,/root/StrokeDataset/Bleeding/MASK/10265.npy
39,/root/StrokeDataset/Bleeding/PNG/10271.png,/root/StrokeDataset/Bleeding/MASK/10271.npy
40,/root/StrokeDataset/Bleeding/PNG/10276.png,/root/StrokeDataset/Bleeding/MASK/10276.npy
41,/root/StrokeDataset/Bleeding/PNG/10278.png,/root/StrokeDataset/Bleeding/MASK/10278.npy
42,/root/StrokeDataset/Bleeding/PNG/10297.png,/root/StrokeDataset/Bleeding/MASK/10297.npy
43,/root/StrokeDataset/Bleeding/PNG/10305.png,/root/StrokeDataset/Bleeding/MASK/10305.npy
44,/root/StrokeDataset/Bleeding/PNG/10309.png,/root/StrokeDataset/Bleeding/MASK/10309.npy
45,/root/StrokeDataset/Bleeding/PNG/10310.png,/root/StrokeDataset/Bleeding/MASK/10310.npy
46,/root/StrokeDataset/Bleeding/PNG/10317.png,/root/StrokeDataset/Bleeding/MASK/10317.npy
47,/root/StrokeDataset/Bleeding/PNG/10320.png,/root/StrokeDataset/Bleeding/MASK/10320.npy
48,/root/StrokeDataset/Bleeding/PNG/10327.png,/root/StrokeDataset/Bleeding/MASK/10327.npy
49,/root/StrokeDataset/Bleeding/PNG/10328.png,/root/StrokeDataset/Bleeding/MASK/10328.npy
50,/root/StrokeDataset/Bleeding/PNG/10329.png,/root/StrokeDataset/Bleeding/MASK/10329.npy
51,/root/StrokeDataset/Bleeding/PNG/10330.png,/root/StrokeDataset/Bleeding/MASK/10330.npy
52,/root/StrokeDataset/Bleeding/PNG/10331.png,/root/StrokeDataset/Bleeding/MASK/10331.npy
53,/root/StrokeDataset/Bleeding/PNG/10332.png,/root/StrokeDataset/Bleeding/MASK/10332.npy
54,/root/StrokeDataset/Bleeding/PNG/10346.png,/root/StrokeDataset/Bleeding/MASK/10346.npy
55,/root/StrokeDataset/Bleeding/PNG/10350.png,/root/StrokeDataset/Bleeding/MASK/10350.npy
56,/root/StrokeDataset/Bleeding/PNG/10362.png,/root/StrokeDataset/Bleeding/MASK/10362.npy
57,/root/StrokeDataset/Bleeding/PNG/10378.png,/root/StrokeDataset/Bleeding/MASK/10378.npy
58,/root/StrokeDataset/Bleeding/PNG/10388.png,/root/StrokeDataset/Bleeding/MASK/10388.npy
59,/root/StrokeDataset/Bleeding/PNG/10394.png,/root/StrokeDataset/Bleeding/MASK/10394.npy
60,/root/StrokeDataset/Bleeding/PNG/10395.png,/root/StrokeDataset/Bleeding/MASK/10395.npy
61,/root/StrokeDataset/Bleeding/PNG/10397.png,/root/StrokeDataset/Bleeding/MASK/10397.npy
62,/root/StrokeDataset/Bleeding/PNG/10404.png,/root/StrokeDataset/Bleeding/MASK/10404.npy
63,/root/StrokeDataset/Bleeding/PNG/10415.png,/root/StrokeDataset/Bleeding/MASK/10415.npy
64,/root/StrokeDataset/Bleeding/PNG/10420.png,/root/StrokeDataset/Bleeding/MASK/10420.npy
65,/root/StrokeDataset/Bleeding/PNG/10430.png,/root/StrokeDataset/Bleeding/MASK/10430.npy
66,/root/StrokeDataset/Bleeding/PNG/10434.png,/root/StrokeDataset/Bleeding/MASK/10434.npy
67,/root/StrokeDataset/Bleeding/PNG/10435.png,/root/StrokeDataset/Bleeding/MASK/10435.npy
68,/root/StrokeDataset/Bleeding/PNG/10440.png,/root/StrokeDataset/Bleeding/MASK/10440.npy
69,/root/StrokeDataset/Bleeding/PNG/10442.png,/root/StrokeDataset/Bleeding/MASK/10442.npy
70,/root/StrokeDataset/Bleeding/PNG/10449.png,/root/StrokeDataset/Bleeding/MASK/10449.npy
71,/root/StrokeDataset/Bleeding/PNG/10475.png,/root/StrokeDataset/Bleeding/MASK/10475.npy
72,/root/StrokeDataset/Bleeding/PNG/10476.png,/root/StrokeDataset/Bleeding/MASK/10476.npy
73,/root/StrokeDataset/Bleeding/PNG/10481.png,/root/StrokeDataset/Bleeding/MASK/10481.npy
74,/root/StrokeDataset/Bleeding/PNG/10488.png,/root/StrokeDataset/Bleeding/MASK/10488.npy
75,/root/StrokeDataset/Bleeding/PNG/10501.png,/root/StrokeDataset/Bleeding/MASK/10501.npy
76,/root/StrokeDataset/Bleeding/PNG/10509.png,/root/StrokeDataset/Bleeding/MASK/10509.npy
77,/root/StrokeDataset/Bleeding/PNG/10510.png,/root/StrokeDataset/Bleeding/MASK/10510.npy
78,/root/StrokeDataset/Bleeding/PNG/10522.png,/root/StrokeDataset/Bleeding/MASK/10522.npy
79,/root/StrokeDataset/Bleeding/PNG/10528.png,/root/StrokeDataset/Bleeding/MASK/10528.npy
80,/root/StrokeDataset/Bleeding/PNG/10539.png,/root/StrokeDataset/Bleeding/MASK/10539.npy
81,/root/StrokeDataset/Bleeding/PNG/10542.png,/root/StrokeDataset/Bleeding/MASK/10542.npy
82,/root/StrokeDataset/Bleeding/PNG/10547.png,/root/StrokeDataset/Bleeding/MASK/10547.npy
83,/root/StrokeDataset/Bleeding/PNG/10549.png,/root/StrokeDataset/Bleeding/MASK/10549.npy
84,/root/StrokeDataset/Bleeding/PNG/10555.png,/root/StrokeDataset/Bleeding/MASK/10555.npy
85,/root/StrokeDataset/Bleeding/PNG/10563.png,/root/StrokeDataset/Bleeding/MASK/10563.npy
86,/root/StrokeDataset/Bleeding/PNG/10579.png,/root/StrokeDataset/Bleeding/MASK/10579.npy
87,/root/StrokeDataset/Bleeding/PNG/10595.png,/root/StrokeDataset/Bleeding/MASK/10595.npy
88,/root/StrokeDataset/Bleeding/PNG/10603.png,/root/StrokeDataset/Bleeding/MASK/10603.npy
89,/root/StrokeDataset/Bleeding/PNG/10605.png,/root/StrokeDataset/Bleeding/MASK/10605.npy
90,/root/StrokeDataset/Bleeding/PNG/10611.png,/root/StrokeDataset/Bleeding/MASK/10611.npy
91,/root/StrokeDataset/Bleeding/PNG/10613.png,/root/StrokeDataset/Bleeding/MASK/10613.npy
92,/root/StrokeDataset/Bleeding/PNG/10627.png,/root/StrokeDataset/Bleeding/MASK/10627.npy
93,/root/StrokeDataset/Bleeding/PNG/10644.png,/root/StrokeDataset/Bleeding/MASK/10644.npy
94,/root/StrokeDataset/Bleeding/PNG/10662.png,/root/StrokeDataset/Bleeding/MASK/10662.npy
95,/root/StrokeDataset/Bleeding/PNG/10677.png,/root/StrokeDataset/Bleeding/MASK/10677.npy
96,/root/StrokeDataset/Bleeding/PNG/10687.png,/root/StrokeDataset/Bleeding/MASK/10687.npy
97,/root/StrokeDataset/Bleeding/PNG/10688.png,/root/StrokeDataset/Bleeding/MASK/10688.npy
98,/root/StrokeDataset/Bleeding/PNG/10689.png,/root/StrokeDataset/Bleeding/MASK/10689.npy
99,/root/StrokeDataset/Bleeding/PNG/10691.png,/root/StrokeDataset/Bleeding/MASK/10691.npy
100,/root/StrokeDataset/Bleeding/PNG/10696.png,/root/StrokeDataset/Bleeding/MASK/10696.npy
101,/root/StrokeDataset/Bleeding/PNG/10701.png,/root/StrokeDataset/Bleeding/MASK/10701.npy
102,/root/StrokeDataset/Bleeding/PNG/10703.png,/root/StrokeDataset/Bleeding/MASK/10703.npy
103,/root/StrokeDataset/Bleeding/PNG/10712.png,/root/StrokeDataset/Bleeding/MASK/10712.npy
104,/root/StrokeDataset/Bleeding/PNG/10714.png,/root/StrokeDataset/Bleeding/MASK/10714.npy
105,/root/StrokeDataset/Bleeding/PNG/10715.png,/root/StrokeDataset/Bleeding/MASK/10715.npy
106,/root/StrokeDataset/Bleeding/PNG/10719.png,/root/StrokeDataset/Bleeding/MASK/10719.npy
107,/root/StrokeDataset/Bleeding/PNG/10730.png,/root/StrokeDataset/Bleeding/MASK/10730.npy
108,/root/StrokeDataset/Bleeding/PNG/10736.png,/root/StrokeDataset/Bleeding/MASK/10736.npy
109,/root/StrokeDataset/Bleeding/PNG/10743.png,/root/StrokeDataset/Bleeding/MASK/10743.npy
110,/root/StrokeDataset/Bleeding/PNG/10745.png,/root/StrokeDataset/Bleeding/MASK/10745.npy
111,/root/StrokeDataset/Bleeding/PNG/10758.png,/root/StrokeDataset/Bleeding/MASK/10758.npy
112,/root/StrokeDataset/Bleeding/PNG/10766.png,/root/StrokeDataset/Bleeding/MASK/10766.npy
113,/root/StrokeDataset/Bleeding/PNG/10770.png,/root/StrokeDataset/Bleeding/MASK/10770.npy
114,/root/StrokeDataset/Bleeding/PNG/10783.png,/root/StrokeDataset/Bleeding/MASK/10783.npy
115,/root/StrokeDataset/Bleeding/PNG/10786.png,/root/StrokeDataset/Bleeding/MASK/10786.npy
116,/root/StrokeDataset/Bleeding/PNG/10787.png,/root/StrokeDataset/Bleeding/MASK/10787.npy
117,/root/StrokeDataset/Bleeding/PNG/10788.png,/root/StrokeDataset/Bleeding/MASK/10788.npy
118,/root/StrokeDataset/Bleeding/PNG/10793.png,/root/StrokeDataset/Bleeding/MASK/10793.npy
119,/root/StrokeDataset/Bleeding/PNG/10806.png,/root/StrokeDataset/Bleeding/MASK/10806.npy
120,/root/StrokeDataset/Bleeding/PNG/10809.png,/root/StrokeDataset/Bleeding/MASK/10809.npy
121,/root/StrokeDataset/Bleeding/PNG/10814.png,/root/StrokeDataset/Bleeding/MASK/10814.npy
122,/root/StrokeDataset/Bleeding/PNG/10816.png,/root/StrokeDataset/Bleeding/MASK/10816.npy
123,/root/StrokeDataset/Bleeding/PNG/10820.png,/root/StrokeDataset/Bleeding/MASK/10820.npy
124,/root/StrokeDataset/Bleeding/PNG/10830.png,/root/StrokeDataset/Bleeding/MASK/10830.npy
125,/root/StrokeDataset/Bleeding/PNG/10832.png,/root/StrokeDataset/Bleeding/MASK/10832.npy
126,/root/StrokeDataset/Bleeding/PNG/10850.png,/root/StrokeDataset/Bleeding/MASK/10850.npy
127,/root/StrokeDataset/Bleeding/PNG/10853.png,/root/StrokeDataset/Bleeding/MASK/10853.npy
128,/root/StrokeDataset/Bleeding/PNG/10859.png,/root/StrokeDataset/Bleeding/MASK/10859.npy
129,/root/StrokeDataset/Bleeding/PNG/10865.png,/root/StrokeDataset/Bleeding/MASK/10865.npy
130,/root/StrokeDataset/Bleeding/PNG/10866.png,/root/StrokeDataset/Bleeding/MASK/10866.npy
131,/root/StrokeDataset/Bleeding/PNG/10870.png,/root/StrokeDataset/Bleeding/MASK/10870.npy
132,/root/StrokeDataset/Bleeding/PNG/10871.png,/root/StrokeDataset/Bleeding/MASK/10871.npy
133,/root/StrokeDataset/Bleeding/PNG/10872.png,/root/StrokeDataset/Bleeding/MASK/10872.npy
134,/root/StrokeDataset/Bleeding/PNG/10876.png,/root/StrokeDataset/Bleeding/MASK/10876.npy
135,/root/StrokeDataset/Bleeding/PNG/10877.png,/root/StrokeDataset/Bleeding/MASK/10877.npy
136,/root/StrokeDataset/Bleeding/PNG/10878.png,/root/StrokeDataset/Bleeding/MASK/10878.npy
137,/root/StrokeDataset/Bleeding/PNG/10887.png,/root/StrokeDataset/Bleeding/MASK/10887.npy
138,/root/StrokeDataset/Bleeding/PNG/10888.png,/root/StrokeDataset/Bleeding/MASK/10888.npy
139,/root/StrokeDataset/Bleeding/PNG/10889.png,/root/StrokeDataset/Bleeding/MASK/10889.npy
140,/root/StrokeDataset/Bleeding/PNG/10893.png,/root/StrokeDataset/Bleeding/MASK/10893.npy
141,/root/StrokeDataset/Bleeding/PNG/10894.png,/root/StrokeDataset/Bleeding/MASK/10894.npy
142,/root/StrokeDataset/Bleeding/PNG/10898.png,/root/StrokeDataset/Bleeding/MASK/10898.npy
143,/root/StrokeDataset/Bleeding/PNG/10908.png,/root/StrokeDataset/Bleeding/MASK/10908.npy
144,/root/StrokeDataset/Bleeding/PNG/10921.png,/root/StrokeDataset/Bleeding/MASK/10921.npy
145,/root/StrokeDataset/Bleeding/PNG/10925.png,/root/StrokeDataset/Bleeding/MASK/10925.npy
146,/root/StrokeDataset/Bleeding/PNG/10927.png,/root/StrokeDataset/Bleeding/MASK/10927.npy
147,/root/StrokeDataset/Bleeding/PNG/10941.png,/root/StrokeDataset/Bleeding/MASK/10941.npy
148,/root/StrokeDataset/Bleeding/PNG/10951.png,/root/StrokeDataset/Bleeding/MASK/10951.npy
149,/root/StrokeDataset/Bleeding/PNG/10955.png,/root/StrokeDataset/Bleeding/MASK/10955.npy
150,/root/StrokeDataset/Bleeding/PNG/10959.png,/root/StrokeDataset/Bleeding/MASK/10959.npy
151,/root/StrokeDataset/Bleeding/PNG/10975.png,/root/StrokeDataset/Bleeding/MASK/10975.npy
152,/root/StrokeDataset/Bleeding/PNG/10984.png,/root/StrokeDataset/Bleeding/MASK/10984.npy
153,/root/StrokeDataset/Bleeding/PNG/10985.png,/root/StrokeDataset/Bleeding/MASK/10985.npy
154,/root/StrokeDataset/Bleeding/PNG/10986.png,/root/StrokeDataset/Bleeding/MASK/10986.npy
155,/root/StrokeDataset/Bleeding/PNG/10987.png,/root/StrokeDataset/Bleeding/MASK/10987.npy
156,/root/StrokeDataset/Bleeding/PNG/10990.png,/root/StrokeDataset/Bleeding/MASK/10990.npy
157,/root/StrokeDataset/Bleeding/PNG/10997.png,/root/StrokeDataset/Bleeding/MASK/10997.npy
158,/root/StrokeDataset/Bleeding/PNG/11004.png,/root/StrokeDataset/Bleeding/MASK/11004.npy
159,/root/StrokeDataset/Bleeding/PNG/11015.png,/root/StrokeDataset/Bleeding/MASK/11015.npy
160,/root/StrokeDataset/Bleeding/PNG/11016.png,/root/StrokeDataset/Bleeding/MASK/11016.npy
161,/root/StrokeDataset/Bleeding/PNG/11021.png,/root/StrokeDataset/Bleeding/MASK/11021.npy
162,/root/StrokeDataset/Bleeding/PNG/11039.png,/root/StrokeDataset/Bleeding/MASK/11039.npy
163,/root/StrokeDataset/Bleeding/PNG/11048.png,/root/StrokeDataset/Bleeding/MASK/11048.npy
164,/root/StrokeDataset/Bleeding/PNG/11049.png,/root/StrokeDataset/Bleeding/MASK/11049.npy
165,/root/StrokeDataset/Bleeding/PNG/11059.png,/root/StrokeDataset/Bleeding/MASK/11059.npy
166,/root/StrokeDataset/Bleeding/PNG/11065.png,/root/StrokeDataset/Bleeding/MASK/11065.npy
167,/root/StrokeDataset/Bleeding/PNG/11090.png,/root/StrokeDataset/Bleeding/MASK/11090.npy
168,/root/StrokeDataset/Bleeding/PNG/11112.png,/root/StrokeDataset/Bleeding/MASK/11112.npy
169,/root/StrokeDataset/Bleeding/PNG/11117.png,/root/StrokeDataset/Bleeding/MASK/11117.npy
170,/root/StrokeDataset/Bleeding/PNG/11119.png,/root/StrokeDataset/Bleeding/MASK/11119.npy
171,/root/StrokeDataset/Bleeding/PNG/11123.png,/root/StrokeDataset/Bleeding/MASK/11123.npy
172,/root/StrokeDataset/Bleeding/PNG/11124.png,/root/StrokeDataset/Bleeding/MASK/11124.npy
173,/root/StrokeDataset/Bleeding/PNG/11128.png,/root/StrokeDataset/Bleeding/MASK/11128.npy
174,/root/StrokeDataset/Bleeding/PNG/11136.png,/root/StrokeDataset/Bleeding/MASK/11136.npy
175,/root/StrokeDataset/Bleeding/PNG/11137.png,/root/StrokeDataset/Bleeding/MASK/11137.npy
176,/root/StrokeDataset/Bleeding/PNG/11143.png,/root/StrokeDataset/Bleeding/MASK/11143.npy
177,/root/StrokeDataset/Bleeding/PNG/11145.png,/root/StrokeDataset/Bleeding/MASK/11145.npy
178,/root/StrokeDataset/Bleeding/PNG/11162.png,/root/StrokeDataset/Bleeding/MASK/11162.npy
179,/root/StrokeDataset/Bleeding/PNG/11170.png,/root/StrokeDataset/Bleeding/MASK/11170.npy
180,/root/StrokeDataset/Bleeding/PNG/11179.png,/root/StrokeDataset/Bleeding/MASK/11179.npy
181,/root/StrokeDataset/Bleeding/PNG/11180.png,/root/StrokeDataset/Bleeding/MASK/11180.npy
182,/root/StrokeDataset/Bleeding/PNG/11181.png,/root/StrokeDataset/Bleeding/MASK/11181.npy
183,/root/StrokeDataset/Bleeding/PNG/11183.png,/root/StrokeDataset/Bleeding/MASK/11183.npy
184,/root/StrokeDataset/Bleeding/PNG/11193.png,/root/StrokeDataset/Bleeding/MASK/11193.npy
185,/root/StrokeDataset/Bleeding/PNG/11197.png,/root/StrokeDataset/Bleeding/MASK/11197.npy
186,/root/StrokeDataset/Bleeding/PNG/11206.png,/root/StrokeDataset/Bleeding/MASK/11206.npy
187,/root/StrokeDataset/Bleeding/PNG/11208.png,/root/StrokeDataset/Bleeding/MASK/11208.npy
188,/root/StrokeDataset/Bleeding/PNG/11210.png,/root/StrokeDataset/Bleeding/MASK/11210.npy
189,/root/StrokeDataset/Bleeding/PNG/11226.png,/root/StrokeDataset/Bleeding/MASK/11226.npy
190,/root/StrokeDataset/Bleeding/PNG/11227.png,/root/StrokeDataset/Bleeding/MASK/11227.npy
191,/root/StrokeDataset/Bleeding/PNG/11233.png,/root/StrokeDataset/Bleeding/MASK/11233.npy
192,/root/StrokeDataset/Bleeding/PNG/11243.png,/root/StrokeDataset/Bleeding/MASK/11243.npy
193,/root/StrokeDataset/Bleeding/PNG/11248.png,/root/StrokeDataset/Bleeding/MASK/11248.npy
194,/root/StrokeDataset/Bleeding/PNG/11254.png,/root/StrokeDataset/Bleeding/MASK/11254.npy
195,/root/StrokeDataset/Bleeding/PNG/11262.png,/root/StrokeDataset/Bleeding/MASK/11262.npy
196,/root/StrokeDataset/Bleeding/PNG/11266.png,/root/StrokeDataset/Bleeding/MASK/11266.npy
197,/root/StrokeDataset/Bleeding/PNG/11268.png,/root/StrokeDataset/Bleeding/MASK/11268.npy
198,/root/StrokeDataset/Bleeding/PNG/11272.png,/root/StrokeDataset/Bleeding/MASK/11272.npy
199,/root/StrokeDataset/Bleeding/PNG/11279.png,/root/StrokeDataset/Bleeding/MASK/11279.npy
200,/root/StrokeDataset/Bleeding/PNG/11294.png,/root/StrokeDataset/Bleeding/MASK/11294.npy
201,/root/StrokeDataset/Bleeding/PNG/11296.png,/root/StrokeDataset/Bleeding/MASK/11296.npy
202,/root/StrokeDataset/Bleeding/PNG/11301.png,/root/StrokeDataset/Bleeding/MASK/11301.npy
203,/root/StrokeDataset/Bleeding/PNG/11315.png,/root/StrokeDataset/Bleeding/MASK/11315.npy
204,/root/StrokeDataset/Bleeding/PNG/11316.png,/root/StrokeDataset/Bleeding/MASK/11316.npy
205,/root/StrokeDataset/Bleeding/PNG/11321.png,/root/StrokeDataset/Bleeding/MASK/11321.npy
206,/root/StrokeDataset/Bleeding/PNG/11350.png,/root/StrokeDataset/Bleeding/MASK/11350.npy
207,/root/StrokeDataset/Bleeding/PNG/11352.png,/root/StrokeDataset/Bleeding/MASK/11352.npy
208,/root/StrokeDataset/Bleeding/PNG/11359.png,/root/StrokeDataset/Bleeding/MASK/11359.npy
209,/root/StrokeDataset/Bleeding/PNG/11386.png,/root/StrokeDataset/Bleeding/MASK/11386.npy
210,/root/StrokeDataset/Bleeding/PNG/11394.png,/root/StrokeDataset/Bleeding/MASK/11394.npy
211,/root/StrokeDataset/Bleeding/PNG/11400.png,/root/StrokeDataset/Bleeding/MASK/11400.npy
212,/root/StrokeDataset/Bleeding/PNG/11412.png,/root/StrokeDataset/Bleeding/MASK/11412.npy
213,/root/StrokeDataset/Bleeding/PNG/11415.png,/root/StrokeDataset/Bleeding/MASK/11415.npy
214,/root/StrokeDataset/Bleeding/PNG/11420.png,/root/StrokeDataset/Bleeding/MASK/11420.npy
215,/root/StrokeDataset/Bleeding/PNG/11425.png,/root/StrokeDataset/Bleeding/MASK/11425.npy
216,/root/StrokeDataset/Bleeding/PNG/11462.png,/root/StrokeDataset/Bleeding/MASK/11462.npy
217,/root/StrokeDataset/Bleeding/PNG/11483.png,/root/StrokeDataset/Bleeding/MASK/11483.npy
218,/root/StrokeDataset/Bleeding/PNG/11491.png,/root/StrokeDataset/Bleeding/MASK/11491.npy
219,/root/StrokeDataset/Bleeding/PNG/11498.png,/root/StrokeDataset/Bleeding/MASK/11498.npy
220,/root/StrokeDataset/Bleeding/PNG/11501.png,/root/StrokeDataset/Bleeding/MASK/11501.npy
221,/root/StrokeDataset/Bleeding/PNG/11506.png,/root/StrokeDataset/Bleeding/MASK/11506.npy
222,/root/StrokeDataset/Bleeding/PNG/11510.png,/root/StrokeDataset/Bleeding/MASK/11510.npy
223,/root/StrokeDataset/Bleeding/PNG/11513.png,/root/StrokeDataset/Bleeding/MASK/11513.npy
224,/root/StrokeDataset/Bleeding/PNG/11516.png,/root/StrokeDataset/Bleeding/MASK/11516.npy
225,/root/StrokeDataset/Bleeding/PNG/11517.png,/root/StrokeDataset/Bleeding/MASK/11517.npy
226,/root/StrokeDataset/Bleeding/PNG/11518.png,/root/StrokeDataset/Bleeding/MASK/11518.npy
227,/root/StrokeDataset/Bleeding/PNG/11522.png,/root/StrokeDataset/Bleeding/MASK/11522.npy
228,/root/StrokeDataset/Bleeding/PNG/11523.png,/root/StrokeDataset/Bleeding/MASK/11523.npy
229,/root/StrokeDataset/Bleeding/PNG/11534.png,/root/StrokeDataset/Bleeding/MASK/11534.npy
230,/root/StrokeDataset/Bleeding/PNG/11535.png,/root/StrokeDataset/Bleeding/MASK/11535.npy
231,/root/StrokeDataset/Bleeding/PNG/11547.png,/root/StrokeDataset/Bleeding/MASK/11547.npy
232,/root/StrokeDataset/Bleeding/PNG/11548.png,/root/StrokeDataset/Bleeding/MASK/11548.npy
233,/root/StrokeDataset/Bleeding/PNG/11560.png,/root/StrokeDataset/Bleeding/MASK/11560.npy
234,/root/StrokeDataset/Bleeding/PNG/11561.png,/root/StrokeDataset/Bleeding/MASK/11561.npy
235,/root/StrokeDataset/Bleeding/PNG/11567.png,/root/StrokeDataset/Bleeding/MASK/11567.npy
236,/root/StrokeDataset/Bleeding/PNG/11573.png,/root/StrokeDataset/Bleeding/MASK/11573.npy
237,/root/StrokeDataset/Bleeding/PNG/11587.png,/root/StrokeDataset/Bleeding/MASK/11587.npy
238,/root/StrokeDataset/Bleeding/PNG/11592.png,/root/StrokeDataset/Bleeding/MASK/11592.npy
239,/root/StrokeDataset/Bleeding/PNG/11593.png,/root/StrokeDataset/Bleeding/MASK/11593.npy
240,/root/StrokeDataset/Bleeding/PNG/11598.png,/root/StrokeDataset/Bleeding/MASK/11598.npy
241,/root/StrokeDataset/Bleeding/PNG/11600.png,/root/StrokeDataset/Bleeding/MASK/11600.npy
242,/root/StrokeDataset/Bleeding/PNG/11615.png,/root/StrokeDataset/Bleeding/MASK/11615.npy
243,/root/StrokeDataset/Bleeding/PNG/11622.png,/root/StrokeDataset/Bleeding/MASK/11622.npy
244,/root/StrokeDataset/Bleeding/PNG/11636.png,/root/StrokeDataset/Bleeding/MASK/11636.npy
245,/root/StrokeDataset/Bleeding/PNG/11649.png,/root/StrokeDataset/Bleeding/MASK/11649.npy
246,/root/StrokeDataset/Bleeding/PNG/11650.png,/root/StrokeDataset/Bleeding/MASK/11650.npy
247,/root/StrokeDataset/Bleeding/PNG/11653.png,/root/StrokeDataset/Bleeding/MASK/11653.npy
248,/root/StrokeDataset/Bleeding/PNG/11659.png,/root/StrokeDataset/Bleeding/MASK/11659.npy
249,/root/StrokeDataset/Bleeding/PNG/11662.png,/root/StrokeDataset/Bleeding/MASK/11662.npy
250,/root/StrokeDataset/Bleeding/PNG/11671.png,/root/StrokeDataset/Bleeding/MASK/11671.npy
251,/root/StrokeDataset/Bleeding/PNG/11674.png,/root/StrokeDataset/Bleeding/MASK/11674.npy
252,/root/StrokeDataset/Bleeding/PNG/11677.png,/root/StrokeDataset/Bleeding/MASK/11677.npy
253,/root/StrokeDataset/Bleeding/PNG/11683.png,/root/StrokeDataset/Bleeding/MASK/11683.npy
254,/root/StrokeDataset/Bleeding/PNG/11685.png,/root/StrokeDataset/Bleeding/MASK/11685.npy
255,/root/StrokeDataset/Bleeding/PNG/11687.png,/root/StrokeDataset/Bleeding/MASK/11687.npy
256,/root/StrokeDataset/Bleeding/PNG/11693.png,/root/StrokeDataset/Bleeding/MASK/11693.npy
257,/root/StrokeDataset/Bleeding/PNG/11698.png,/root/StrokeDataset/Bleeding/MASK/11698.npy
258,/root/StrokeDataset/Bleeding/PNG/11701.png,/root/StrokeDataset/Bleeding/MASK/11701.npy
259,/root/StrokeDataset/Bleeding/PNG/11704.png,/root/StrokeDataset/Bleeding/MASK/11704.npy
260,/root/StrokeDataset/Bleeding/PNG/11715.png,/root/StrokeDataset/Bleeding/MASK/11715.npy
261,/root/StrokeDataset/Bleeding/PNG/11716.png,/root/StrokeDataset/Bleeding/MASK/11716.npy
262,/root/StrokeDataset/Bleeding/PNG/11720.png,/root/StrokeDataset/Bleeding/MASK/11720.npy
263,/root/StrokeDataset/Bleeding/PNG/11728.png,/root/StrokeDataset/Bleeding/MASK/11728.npy
264,/root/StrokeDataset/Bleeding/PNG/11730.png,/root/StrokeDataset/Bleeding/MASK/11730.npy
265,/root/StrokeDataset/Bleeding/PNG/11735.png,/root/StrokeDataset/Bleeding/MASK/11735.npy
266,/root/StrokeDataset/Bleeding/PNG/11743.png,/root/StrokeDataset/Bleeding/MASK/11743.npy
267,/root/StrokeDataset/Bleeding/PNG/11749.png,/root/StrokeDataset/Bleeding/MASK/11749.npy
268,/root/StrokeDataset/Bleeding/PNG/11761.png,/root/StrokeDataset/Bleeding/MASK/11761.npy
269,/root/StrokeDataset/Bleeding/PNG/11766.png,/root/StrokeDataset/Bleeding/MASK/11766.npy
270,/root/StrokeDataset/Bleeding/PNG/11768.png,/root/StrokeDataset/Bleeding/MASK/11768.npy
271,/root/StrokeDataset/Bleeding/PNG/11772.png,/root/StrokeDataset/Bleeding/MASK/11772.npy
272,/root/StrokeDataset/Bleeding/PNG/11773.png,/root/StrokeDataset/Bleeding/MASK/11773.npy
273,/root/StrokeDataset/Bleeding/PNG/11774.png,/root/StrokeDataset/Bleeding/MASK/11774.npy
274,/root/StrokeDataset/Bleeding/PNG/11776.png,/root/StrokeDataset/Bleeding/MASK/11776.npy
275,/root/StrokeDataset/Bleeding/PNG/11780.png,/root/StrokeDataset/Bleeding/MASK/11780.npy
276,/root/StrokeDataset/Bleeding/PNG/11789.png,/root/StrokeDataset/Bleeding/MASK/11789.npy
277,/root/StrokeDataset/Bleeding/PNG/11790.png,/root/StrokeDataset/Bleeding/MASK/11790.npy
278,/root/StrokeDataset/Bleeding/PNG/11794.png,/root/StrokeDataset/Bleeding/MASK/11794.npy
279,/root/StrokeDataset/Bleeding/PNG/11797.png,/root/StrokeDataset/Bleeding/MASK/11797.npy
280,/root/StrokeDataset/Bleeding/PNG/11798.png,/root/StrokeDataset/Bleeding/MASK/11798.npy
281,/root/StrokeDataset/Bleeding/PNG/11803.png,/root/StrokeDataset/Bleeding/MASK/11803.npy
282,/root/StrokeDataset/Bleeding/PNG/11805.png,/root/StrokeDataset/Bleeding/MASK/11805.npy
283,/root/StrokeDataset/Bleeding/PNG/11810.png,/root/StrokeDataset/Bleeding/MASK/11810.npy
284,/root/StrokeDataset/Bleeding/PNG/11812.png,/root/StrokeDataset/Bleeding/MASK/11812.npy
285,/root/StrokeDataset/Bleeding/PNG/11814.png,/root/StrokeDataset/Bleeding/MASK/11814.npy
286,/root/StrokeDataset/Bleeding/PNG/11817.png,/root/StrokeDataset/Bleeding/MASK/11817.npy
287,/root/StrokeDataset/Bleeding/PNG/11830.png,/root/StrokeDataset/Bleeding/MASK/11830.npy
288,/root/StrokeDataset/Bleeding/PNG/11832.png,/root/StrokeDataset/Bleeding/MASK/11832.npy
289,/root/StrokeDataset/Bleeding/PNG/11834.png,/root/StrokeDataset/Bleeding/MASK/11834.npy
290,/root/StrokeDataset/Bleeding/PNG/11845.png,/root/StrokeDataset/Bleeding/MASK/11845.npy
291,/root/StrokeDataset/Bleeding/PNG/11862.png,/root/StrokeDataset/Bleeding/MASK/11862.npy
292,/root/StrokeDataset/Bleeding/PNG/11866.png,/root/StrokeDataset/Bleeding/MASK/11866.npy
293,/root/StrokeDataset/Bleeding/PNG/11879.png,/root/StrokeDataset/Bleeding/MASK/11879.npy
294,/root/StrokeDataset/Bleeding/PNG/11906.png,/root/StrokeDataset/Bleeding/MASK/11906.npy
295,/root/StrokeDataset/Bleeding/PNG/11911.png,/root/StrokeDataset/Bleeding/MASK/11911.npy
296,/root/StrokeDataset/Bleeding/PNG/11919.png,/root/StrokeDataset/Bleeding/MASK/11919.npy
297,/root/StrokeDataset/Bleeding/PNG/11930.png,/root/StrokeDataset/Bleeding/MASK/11930.npy
298,/root/StrokeDataset/Bleeding/PNG/11941.png,/root/StrokeDataset/Bleeding/MASK/11941.npy
299,/root/StrokeDataset/Bleeding/PNG/11942.png,/root/StrokeDataset/Bleeding/MASK/11942.npy
300,/root/StrokeDataset/Bleeding/PNG/11952.png,/root/StrokeDataset/Bleeding/MASK/11952.npy
301,/root/StrokeDataset/Bleeding/PNG/11981.png,/root/StrokeDataset/Bleeding/MASK/11981.npy
302,/root/StrokeDataset/Bleeding/PNG/11990.png,/root/StrokeDataset/Bleeding/MASK/11990.npy
303,/root/StrokeDataset/Bleeding/PNG/11992.png,/root/StrokeDataset/Bleeding/MASK/11992.npy
304,/root/StrokeDataset/Bleeding/PNG/11994.png,/root/StrokeDataset/Bleeding/MASK/11994.npy
305,/root/StrokeDataset/Bleeding/PNG/12001.png,/root/StrokeDataset/Bleeding/MASK/12001.npy
306,/root/StrokeDataset/Bleeding/PNG/12002.png,/root/StrokeDataset/Bleeding/MASK/12002.npy
307,/root/StrokeDataset/Bleeding/PNG/12006.png,/root/StrokeDataset/Bleeding/MASK/12006.npy
308,/root/StrokeDataset/Bleeding/PNG/12016.png,/root/StrokeDataset/Bleeding/MASK/12016.npy
309,/root/StrokeDataset/Bleeding/PNG/12021.png,/root/StrokeDataset/Bleeding/MASK/12021.npy
310,/root/StrokeDataset/Bleeding/PNG/12025.png,/root/StrokeDataset/Bleeding/MASK/12025.npy
311,/root/StrokeDataset/Bleeding/PNG/12029.png,/root/StrokeDataset/Bleeding/MASK/12029.npy
312,/root/StrokeDataset/Bleeding/PNG/12033.png,/root/StrokeDataset/Bleeding/MASK/12033.npy
313,/root/StrokeDataset/Bleeding/PNG/12037.png,/root/StrokeDataset/Bleeding/MASK/12037.npy
314,/root/StrokeDataset/Bleeding/PNG/12046.png,/root/StrokeDataset/Bleeding/MASK/12046.npy
315,/root/StrokeDataset/Bleeding/PNG/12048.png,/root/StrokeDataset/Bleeding/MASK/12048.npy
316,/root/StrokeDataset/Bleeding/PNG/12062.png,/root/StrokeDataset/Bleeding/MASK/12062.npy
317,/root/StrokeDataset/Bleeding/PNG/12063.png,/root/StrokeDataset/Bleeding/MASK/12063.npy
318,/root/StrokeDataset/Bleeding/PNG/12067.png,/root/StrokeDataset/Bleeding/MASK/12067.npy
319,/root/StrokeDataset/Bleeding/PNG/12083.png,/root/StrokeDataset/Bleeding/MASK/12083.npy
320,/root/StrokeDataset/Bleeding/PNG/12084.png,/root/StrokeDataset/Bleeding/MASK/12084.npy
321,/root/StrokeDataset/Bleeding/PNG/12087.png,/root/StrokeDataset/Bleeding/MASK/12087.npy
322,/root/StrokeDataset/Bleeding/PNG/12112.png,/root/StrokeDataset/Bleeding/MASK/12112.npy
323,/root/StrokeDataset/Bleeding/PNG/12118.png,/root/StrokeDataset/Bleeding/MASK/12118.npy
324,/root/StrokeDataset/Bleeding/PNG/12134.png,/root/StrokeDataset/Bleeding/MASK/12134.npy
325,/root/StrokeDataset/Bleeding/PNG/12146.png,/root/StrokeDataset/Bleeding/MASK/12146.npy
326,/root/StrokeDataset/Bleeding/PNG/12152.png,/root/StrokeDataset/Bleeding/MASK/12152.npy
327,/root/StrokeDataset/Bleeding/PNG/12156.png,/root/StrokeDataset/Bleeding/MASK/12156.npy
328,/root/StrokeDataset/Bleeding/PNG/12165.png,/root/StrokeDataset/Bleeding/MASK/12165.npy
329,/root/StrokeDataset/Bleeding/PNG/12169.png,/root/StrokeDataset/Bleeding/MASK/12169.npy
330,/root/StrokeDataset/Bleeding/PNG/12172.png,/root/StrokeDataset/Bleeding/MASK/12172.npy
331,/root/StrokeDataset/Bleeding/PNG/12175.png,/root/StrokeDataset/Bleeding/MASK/12175.npy
332,/root/StrokeDataset/Bleeding/PNG/12179.png,/root/StrokeDataset/Bleeding/MASK/12179.npy
333,/root/StrokeDataset/Bleeding/PNG/12229.png,/root/StrokeDataset/Bleeding/MASK/12229.npy
334,/root/StrokeDataset/Bleeding/PNG/12231.png,/root/StrokeDataset/Bleeding/MASK/12231.npy
335,/root/StrokeDataset/Bleeding/PNG/12241.png,/root/StrokeDataset/Bleeding/MASK/12241.npy
336,/root/StrokeDataset/Bleeding/PNG/12243.png,/root/StrokeDataset/Bleeding/MASK/12243.npy
337,/root/StrokeDataset/Bleeding/PNG/12254.png,/root/StrokeDataset/Bleeding/MASK/12254.npy
338,/root/StrokeDataset/Bleeding/PNG/12262.png,/root/StrokeDataset/Bleeding/MASK/12262.npy
339,/root/StrokeDataset/Bleeding/PNG/12266.png,/root/StrokeDataset/Bleeding/MASK/12266.npy
340,/root/StrokeDataset/Bleeding/PNG/12270.png,/root/StrokeDataset/Bleeding/MASK/12270.npy
341,/root/StrokeDataset/Bleeding/PNG/12271.png,/root/StrokeDataset/Bleeding/MASK/12271.npy
342,/root/StrokeDataset/Bleeding/PNG/12274.png,/root/StrokeDataset/Bleeding/MASK/12274.npy
343,/root/StrokeDataset/Bleeding/PNG/12275.png,/root/StrokeDataset/Bleeding/MASK/12275.npy
344,/root/StrokeDataset/Bleeding/PNG/12276.png,/root/StrokeDataset/Bleeding/MASK/12276.npy
345,/root/StrokeDataset/Bleeding/PNG/12278.png,/root/StrokeDataset/Bleeding/MASK/12278.npy
346,/root/StrokeDataset/Bleeding/PNG/12281.png,/root/StrokeDataset/Bleeding/MASK/12281.npy
347,/root/StrokeDataset/Bleeding/PNG/12283.png,/root/StrokeDataset/Bleeding/MASK/12283.npy
348,/root/StrokeDataset/Bleeding/PNG/12284.png,/root/StrokeDataset/Bleeding/MASK/12284.npy
349,/root/StrokeDataset/Bleeding/PNG/12287.png,/root/StrokeDataset/Bleeding/MASK/12287.npy
350,/root/StrokeDataset/Bleeding/PNG/12297.png,/root/StrokeDataset/Bleeding/MASK/12297.npy
351,/root/StrokeDataset/Bleeding/PNG/12303.png,/root/StrokeDataset/Bleeding/MASK/12303.npy
352,/root/StrokeDataset/Bleeding/PNG/12312.png,/root/StrokeDataset/Bleeding/MASK/12312.npy
353,/root/StrokeDataset/Bleeding/PNG/12314.png,/root/StrokeDataset/Bleeding/MASK/12314.npy
354,/root/StrokeDataset/Bleeding/PNG/12315.png,/root/StrokeDataset/Bleeding/MASK/12315.npy
355,/root/StrokeDataset/Bleeding/PNG/12324.png,/root/StrokeDataset/Bleeding/MASK/12324.npy
356,/root/StrokeDataset/Bleeding/PNG/12339.png,/root/StrokeDataset/Bleeding/MASK/12339.npy
357,/root/StrokeDataset/Bleeding/PNG/12341.png,/root/StrokeDataset/Bleeding/MASK/12341.npy
358,/root/StrokeDataset/Bleeding/PNG/12343.png,/root/StrokeDataset/Bleeding/MASK/12343.npy
359,/root/StrokeDataset/Bleeding/PNG/12348.png,/root/StrokeDataset/Bleeding/MASK/12348.npy
360,/root/StrokeDataset/Bleeding/PNG/12351.png,/root/StrokeDataset/Bleeding/MASK/12351.npy
361,/root/StrokeDataset/Bleeding/PNG/12356.png,/root/StrokeDataset/Bleeding/MASK/12356.npy
362,/root/StrokeDataset/Bleeding/PNG/12358.png,/root/StrokeDataset/Bleeding/MASK/12358.npy
363,/root/StrokeDataset/Bleeding/PNG/12361.png,/root/StrokeDataset/Bleeding/MASK/12361.npy
364,/root/StrokeDataset/Bleeding/PNG/12365.png,/root/StrokeDataset/Bleeding/MASK/12365.npy
365,/root/StrokeDataset/Bleeding/PNG/12371.png,/root/StrokeDataset/Bleeding/MASK/12371.npy
366,/root/StrokeDataset/Bleeding/PNG/12374.png,/root/StrokeDataset/Bleeding/MASK/12374.npy
367,/root/StrokeDataset/Bleeding/PNG/12388.png,/root/StrokeDataset/Bleeding/MASK/12388.npy
368,/root/StrokeDataset/Bleeding/PNG/12390.png,/root/StrokeDataset/Bleeding/MASK/12390.npy
369,/root/StrokeDataset/Bleeding/PNG/12414.png,/root/StrokeDataset/Bleeding/MASK/12414.npy
370,/root/StrokeDataset/Bleeding/PNG/12422.png,/root/StrokeDataset/Bleeding/MASK/12422.npy
371,/root/StrokeDataset/Bleeding/PNG/12423.png,/root/StrokeDataset/Bleeding/MASK/12423.npy
372,/root/StrokeDataset/Bleeding/PNG/12440.png,/root/StrokeDataset/Bleeding/MASK/12440.npy
373,/root/StrokeDataset/Bleeding/PNG/12443.png,/root/StrokeDataset/Bleeding/MASK/12443.npy
374,/root/StrokeDataset/Bleeding/PNG/12446.png,/root/StrokeDataset/Bleeding/MASK/12446.npy
375,/root/StrokeDataset/Bleeding/PNG/12453.png,/root/StrokeDataset/Bleeding/MASK/12453.npy
376,/root/StrokeDataset/Bleeding/PNG/12454.png,/root/StrokeDataset/Bleeding/MASK/12454.npy
377,/root/StrokeDataset/Bleeding/PNG/12459.png,/root/StrokeDataset/Bleeding/MASK/12459.npy
378,/root/StrokeDataset/Bleeding/PNG/12465.png,/root/StrokeDataset/Bleeding/MASK/12465.npy
379,/root/StrokeDataset/Bleeding/PNG/12471.png,/root/StrokeDataset/Bleeding/MASK/12471.npy
380,/root/StrokeDataset/Bleeding/PNG/12474.png,/root/StrokeDataset/Bleeding/MASK/12474.npy
381,/root/StrokeDataset/Bleeding/PNG/12477.png,/root/StrokeDataset/Bleeding/MASK/12477.npy
382,/root/StrokeDataset/Bleeding/PNG/12486.png,/root/StrokeDataset/Bleeding/MASK/12486.npy
383,/root/StrokeDataset/Bleeding/PNG/12497.png,/root/StrokeDataset/Bleeding/MASK/12497.npy
384,/root/StrokeDataset/Bleeding/PNG/12510.png,/root/StrokeDataset/Bleeding/MASK/12510.npy
385,/root/StrokeDataset/Bleeding/PNG/12512.png,/root/StrokeDataset/Bleeding/MASK/12512.npy
386,/root/StrokeDataset/Bleeding/PNG/12518.png,/root/StrokeDataset/Bleeding/MASK/12518.npy
387,/root/StrokeDataset/Bleeding/PNG/12525.png,/root/StrokeDataset/Bleeding/MASK/12525.npy
388,/root/StrokeDataset/Bleeding/PNG/12526.png,/root/StrokeDataset/Bleeding/MASK/12526.npy
389,/root/StrokeDataset/Bleeding/PNG/12537.png,/root/StrokeDataset/Bleeding/MASK/12537.npy
390,/root/StrokeDataset/Bleeding/PNG/12539.png,/root/StrokeDataset/Bleeding/MASK/12539.npy
391,/root/StrokeDataset/Bleeding/PNG/12541.png,/root/StrokeDataset/Bleeding/MASK/12541.npy
392,/root/StrokeDataset/Bleeding/PNG/12548.png,/root/StrokeDataset/Bleeding/MASK/12548.npy
393,/root/StrokeDataset/Bleeding/PNG/12552.png,/root/StrokeDataset/Bleeding/MASK/12552.npy
394,/root/StrokeDataset/Bleeding/PNG/12561.png,/root/StrokeDataset/Bleeding/MASK/12561.npy
395,/root/StrokeDataset/Bleeding/PNG/12572.png,/root/StrokeDataset/Bleeding/MASK/12572.npy
396,/root/StrokeDataset/Bleeding/PNG/12582.png,/root/StrokeDataset/Bleeding/MASK/12582.npy
397,/root/StrokeDataset/Bleeding/PNG/12583.png,/root/StrokeDataset/Bleeding/MASK/12583.npy
398,/root/StrokeDataset/Bleeding/PNG/12584.png,/root/StrokeDataset/Bleeding/MASK/12584.npy
399,/root/StrokeDataset/Bleeding/PNG/12604.png,/root/StrokeDataset/Bleeding/MASK/12604.npy
400,/root/StrokeDataset/Bleeding/PNG/12606.png,/root/StrokeDataset/Bleeding/MASK/12606.npy
401,/root/StrokeDataset/Bleeding/PNG/12609.png,/root/StrokeDataset/Bleeding/MASK/12609.npy
402,/root/StrokeDataset/Bleeding/PNG/12614.png,/root/StrokeDataset/Bleeding/MASK/12614.npy
403,/root/StrokeDataset/Bleeding/PNG/12619.png,/root/StrokeDataset/Bleeding/MASK/12619.npy
404,/root/StrokeDataset/Bleeding/PNG/12624.png,/root/StrokeDataset/Bleeding/MASK/12624.npy
405,/root/StrokeDataset/Bleeding/PNG/12627.png,/root/StrokeDataset/Bleeding/MASK/12627.npy
406,/root/StrokeDataset/Bleeding/PNG/12632.png,/root/StrokeDataset/Bleeding/MASK/12632.npy
407,/root/StrokeDataset/Bleeding/PNG/12641.png,/root/StrokeDataset/Bleeding/MASK/12641.npy
408,/root/StrokeDataset/Bleeding/PNG/12642.png,/root/StrokeDataset/Bleeding/MASK/12642.npy
409,/root/StrokeDataset/Bleeding/PNG/12651.png,/root/StrokeDataset/Bleeding/MASK/12651.npy
410,/root/StrokeDataset/Bleeding/PNG/12654.png,/root/StrokeDataset/Bleeding/MASK/12654.npy
411,/root/StrokeDataset/Bleeding/PNG/12658.png,/root/StrokeDataset/Bleeding/MASK/12658.npy
412,/root/StrokeDataset/Bleeding/PNG/12660.png,/root/StrokeDataset/Bleeding/MASK/12660.npy
413,/root/StrokeDataset/Bleeding/PNG/12666.png,/root/StrokeDataset/Bleeding/MASK/12666.npy
414,/root/StrokeDataset/Bleeding/PNG/12679.png,/root/StrokeDataset/Bleeding/MASK/12679.npy
415,/root/StrokeDataset/Bleeding/PNG/12683.png,/root/StrokeDataset/Bleeding/MASK/12683.npy
416,/root/StrokeDataset/Bleeding/PNG/12684.png,/root/StrokeDataset/Bleeding/MASK/12684.npy
417,/root/StrokeDataset/Bleeding/PNG/12689.png,/root/StrokeDataset/Bleeding/MASK/12689.npy
418,/root/StrokeDataset/Bleeding/PNG/12696.png,/root/StrokeDataset/Bleeding/MASK/12696.npy
419,/root/StrokeDataset/Bleeding/PNG/12698.png,/root/StrokeDataset/Bleeding/MASK/12698.npy
420,/root/StrokeDataset/Bleeding/PNG/12701.png,/root/StrokeDataset/Bleeding/MASK/12701.npy
421,/root/StrokeDataset/Bleeding/PNG/12712.png,/root/StrokeDataset/Bleeding/MASK/12712.npy
422,/root/StrokeDataset/Bleeding/PNG/12729.png,/root/StrokeDataset/Bleeding/MASK/12729.npy
423,/root/StrokeDataset/Bleeding/PNG/12737.png,/root/StrokeDataset/Bleeding/MASK/12737.npy
424,/root/StrokeDataset/Bleeding/PNG/12742.png,/root/StrokeDataset/Bleeding/MASK/12742.npy
425,/root/StrokeDataset/Bleeding/PNG/12751.png,/root/StrokeDataset/Bleeding/MASK/12751.npy
426,/root/StrokeDataset/Bleeding/PNG/12755.png,/root/StrokeDataset/Bleeding/MASK/12755.npy
427,/root/StrokeDataset/Bleeding/PNG/12768.png,/root/StrokeDataset/Bleeding/MASK/12768.npy
428,/root/StrokeDataset/Bleeding/PNG/12781.png,/root/StrokeDataset/Bleeding/MASK/12781.npy
429,/root/StrokeDataset/Bleeding/PNG/12792.png,/root/StrokeDataset/Bleeding/MASK/12792.npy
430,/root/StrokeDataset/Bleeding/PNG/12794.png,/root/StrokeDataset/Bleeding/MASK/12794.npy
431,/root/StrokeDataset/Bleeding/PNG/12796.png,/root/StrokeDataset/Bleeding/MASK/12796.npy
432,/root/StrokeDataset/Bleeding/PNG/12814.png,/root/StrokeDataset/Bleeding/MASK/12814.npy
433,/root/StrokeDataset/Bleeding/PNG/12817.png,/root/StrokeDataset/Bleeding/MASK/12817.npy
434,/root/StrokeDataset/Bleeding/PNG/12819.png,/root/StrokeDataset/Bleeding/MASK/12819.npy
435,/root/StrokeDataset/Bleeding/PNG/12834.png,/root/StrokeDataset/Bleeding/MASK/12834.npy
436,/root/StrokeDataset/Bleeding/PNG/12836.png,/root/StrokeDataset/Bleeding/MASK/12836.npy
437,/root/StrokeDataset/Bleeding/PNG/12837.png,/root/StrokeDataset/Bleeding/MASK/12837.npy
438,/root/StrokeDataset/Bleeding/PNG/12841.png,/root/StrokeDataset/Bleeding/MASK/12841.npy
439,/root/StrokeDataset/Bleeding/PNG/12845.png,/root/StrokeDataset/Bleeding/MASK/12845.npy
440,/root/StrokeDataset/Bleeding/PNG/12851.png,/root/StrokeDataset/Bleeding/MASK/12851.npy
441,/root/StrokeDataset/Bleeding/PNG/12854.png,/root/StrokeDataset/Bleeding/MASK/12854.npy
442,/root/StrokeDataset/Bleeding/PNG/12863.png,/root/StrokeDataset/Bleeding/MASK/12863.npy
443,/root/StrokeDataset/Bleeding/PNG/12873.png,/root/StrokeDataset/Bleeding/MASK/12873.npy
444,/root/StrokeDataset/Bleeding/PNG/12874.png,/root/StrokeDataset/Bleeding/MASK/12874.npy
445,/root/StrokeDataset/Bleeding/PNG/12881.png,/root/StrokeDataset/Bleeding/MASK/12881.npy
446,/root/StrokeDataset/Bleeding/PNG/12885.png,/root/StrokeDataset/Bleeding/MASK/12885.npy
447,/root/StrokeDataset/Bleeding/PNG/12887.png,/root/StrokeDataset/Bleeding/MASK/12887.npy
448,/root/StrokeDataset/Bleeding/PNG/12891.png,/root/StrokeDataset/Bleeding/MASK/12891.npy
449,/root/StrokeDataset/Bleeding/PNG/12893.png,/root/StrokeDataset/Bleeding/MASK/12893.npy
450,/root/StrokeDataset/Bleeding/PNG/12899.png,/root/StrokeDataset/Bleeding/MASK/12899.npy
451,/root/StrokeDataset/Bleeding/PNG/12900.png,/root/StrokeDataset/Bleeding/MASK/12900.npy
452,/root/StrokeDataset/Bleeding/PNG/12905.png,/root/StrokeDataset/Bleeding/MASK/12905.npy
453,/root/StrokeDataset/Bleeding/PNG/12909.png,/root/StrokeDataset/Bleeding/MASK/12909.npy
454,/root/StrokeDataset/Bleeding/PNG/12928.png,/root/StrokeDataset/Bleeding/MASK/12928.npy
455,/root/StrokeDataset/Bleeding/PNG/12929.png,/root/StrokeDataset/Bleeding/MASK/12929.npy
456,/root/StrokeDataset/Bleeding/PNG/12939.png,/root/StrokeDataset/Bleeding/MASK/12939.npy
457,/root/StrokeDataset/Bleeding/PNG/12942.png,/root/StrokeDataset/Bleeding/MASK/12942.npy
458,/root/StrokeDataset/Bleeding/PNG/12943.png,/root/StrokeDataset/Bleeding/MASK/12943.npy
459,/root/StrokeDataset/Bleeding/PNG/12945.png,/root/StrokeDataset/Bleeding/MASK/12945.npy
460,/root/StrokeDataset/Bleeding/PNG/12958.png,/root/StrokeDataset/Bleeding/MASK/12958.npy
461,/root/StrokeDataset/Bleeding/PNG/12960.png,/root/StrokeDataset/Bleeding/MASK/12960.npy
462,/root/StrokeDataset/Bleeding/PNG/12971.png,/root/StrokeDataset/Bleeding/MASK/12971.npy
463,/root/StrokeDataset/Bleeding/PNG/12976.png,/root/StrokeDataset/Bleeding/MASK/12976.npy
464,/root/StrokeDataset/Bleeding/PNG/12982.png,/root/StrokeDataset/Bleeding/MASK/12982.npy
465,/root/StrokeDataset/Bleeding/PNG/12984.png,/root/StrokeDataset/Bleeding/MASK/12984.npy
466,/root/StrokeDataset/Bleeding/PNG/12986.png,/root/StrokeDataset/Bleeding/MASK/12986.npy
467,/root/StrokeDataset/Bleeding/PNG/12992.png,/root/StrokeDataset/Bleeding/MASK/12992.npy
468,/root/StrokeDataset/Bleeding/PNG/13007.png,/root/StrokeDataset/Bleeding/MASK/13007.npy
469,/root/StrokeDataset/Bleeding/PNG/13027.png,/root/StrokeDataset/Bleeding/MASK/13027.npy
470,/root/StrokeDataset/Bleeding/PNG/13030.png,/root/StrokeDataset/Bleeding/MASK/13030.npy
471,/root/StrokeDataset/Bleeding/PNG/13032.png,/root/StrokeDataset/Bleeding/MASK/13032.npy
472,/root/StrokeDataset/Bleeding/PNG/13044.png,/root/StrokeDataset/Bleeding/MASK/13044.npy
473,/root/StrokeDataset/Bleeding/PNG/13054.png,/root/StrokeDataset/Bleeding/MASK/13054.npy
474,/root/StrokeDataset/Bleeding/PNG/13064.png,/root/StrokeDataset/Bleeding/MASK/13064.npy
475,/root/StrokeDataset/Bleeding/PNG/13066.png,/root/StrokeDataset/Bleeding/MASK/13066.npy
476,/root/StrokeDataset/Bleeding/PNG/13067.png,/root/StrokeDataset/Bleeding/MASK/13067.npy
477,/root/StrokeDataset/Bleeding/PNG/13071.png,/root/StrokeDataset/Bleeding/MASK/13071.npy
478,/root/StrokeDataset/Bleeding/PNG/13079.png,/root/StrokeDataset/Bleeding/MASK/13079.npy
479,/root/StrokeDataset/Bleeding/PNG/13084.png,/root/StrokeDataset/Bleeding/MASK/13084.npy
480,/root/StrokeDataset/Bleeding/PNG/13094.png,/root/StrokeDataset/Bleeding/MASK/13094.npy
481,/root/StrokeDataset/Bleeding/PNG/13095.png,/root/StrokeDataset/Bleeding/MASK/13095.npy
482,/root/StrokeDataset/Bleeding/PNG/13099.png,/root/StrokeDataset/Bleeding/MASK/13099.npy
483,/root/StrokeDataset/Bleeding/PNG/13106.png,/root/StrokeDataset/Bleeding/MASK/13106.npy
484,/root/StrokeDataset/Bleeding/PNG/13111.png,/root/StrokeDataset/Bleeding/MASK/13111.npy
485,/root/StrokeDataset/Bleeding/PNG/13114.png,/root/StrokeDataset/Bleeding/MASK/13114.npy
486,/root/StrokeDataset/Bleeding/PNG/13132.png,/root/StrokeDataset/Bleeding/MASK/13132.npy
487,/root/StrokeDataset/Bleeding/PNG/13135.png,/root/StrokeDataset/Bleeding/MASK/13135.npy
488,/root/StrokeDataset/Bleeding/PNG/13140.png,/root/StrokeDataset/Bleeding/MASK/13140.npy
489,/root/StrokeDataset/Bleeding/PNG/13155.png,/root/StrokeDataset/Bleeding/MASK/13155.npy
490,/root/StrokeDataset/Bleeding/PNG/13159.png,/root/StrokeDataset/Bleeding/MASK/13159.npy
491,/root/StrokeDataset/Bleeding/PNG/13160.png,/root/StrokeDataset/Bleeding/MASK/13160.npy
492,/root/StrokeDataset/Bleeding/PNG/13166.png,/root/StrokeDataset/Bleeding/MASK/13166.npy
493,/root/StrokeDataset/Bleeding/PNG/13167.png,/root/StrokeDataset/Bleeding/MASK/13167.npy
494,/root/StrokeDataset/Bleeding/PNG/13177.png,/root/StrokeDataset/Bleeding/MASK/13177.npy
495,/root/StrokeDataset/Bleeding/PNG/13178.png,/root/StrokeDataset/Bleeding/MASK/13178.npy
496,/root/StrokeDataset/Bleeding/PNG/13186.png,/root/StrokeDataset/Bleeding/MASK/13186.npy
497,/root/StrokeDataset/Bleeding/PNG/13196.png,/root/StrokeDataset/Bleeding/MASK/13196.npy
498,/root/StrokeDataset/Bleeding/PNG/13197.png,/root/StrokeDataset/Bleeding/MASK/13197.npy
499,/root/StrokeDataset/Bleeding/PNG/13200.png,/root/StrokeDataset/Bleeding/MASK/13200.npy
500,/root/StrokeDataset/Bleeding/PNG/13203.png,/root/StrokeDataset/Bleeding/MASK/13203.npy
501,/root/StrokeDataset/Bleeding/PNG/13209.png,/root/StrokeDataset/Bleeding/MASK/13209.npy
502,/root/StrokeDataset/Bleeding/PNG/13210.png,/root/StrokeDataset/Bleeding/MASK/13210.npy
503,/root/StrokeDataset/Bleeding/PNG/13211.png,/root/StrokeDataset/Bleeding/MASK/13211.npy
504,/root/StrokeDataset/Bleeding/PNG/13220.png,/root/StrokeDataset/Bleeding/MASK/13220.npy
505,/root/StrokeDataset/Bleeding/PNG/13223.png,/root/StrokeDataset/Bleeding/MASK/13223.npy
506,/root/StrokeDataset/Bleeding/PNG/13229.png,/root/StrokeDataset/Bleeding/MASK/13229.npy
507,/root/StrokeDataset/Bleeding/PNG/13247.png,/root/StrokeDataset/Bleeding/MASK/13247.npy
508,/root/StrokeDataset/Bleeding/PNG/13249.png,/root/StrokeDataset/Bleeding/MASK/13249.npy
509,/root/StrokeDataset/Bleeding/PNG/13255.png,/root/StrokeDataset/Bleeding/MASK/13255.npy
510,/root/StrokeDataset/Bleeding/PNG/13256.png,/root/StrokeDataset/Bleeding/MASK/13256.npy
511,/root/StrokeDataset/Bleeding/PNG/13260.png,/root/StrokeDataset/Bleeding/MASK/13260.npy
512,/root/StrokeDataset/Bleeding/PNG/13269.png,/root/StrokeDataset/Bleeding/MASK/13269.npy
513,/root/StrokeDataset/Bleeding/PNG/13270.png,/root/StrokeDataset/Bleeding/MASK/13270.npy
514,/root/StrokeDataset/Bleeding/PNG/13276.png,/root/StrokeDataset/Bleeding/MASK/13276.npy
515,/root/StrokeDataset/Bleeding/PNG/13278.png,/root/StrokeDataset/Bleeding/MASK/13278.npy
516,/root/StrokeDataset/Bleeding/PNG/13279.png,/root/StrokeDataset/Bleeding/MASK/13279.npy
517,/root/StrokeDataset/Bleeding/PNG/13290.png,/root/StrokeDataset/Bleeding/MASK/13290.npy
518,/root/StrokeDataset/Bleeding/PNG/13291.png,/root/StrokeDataset/Bleeding/MASK/13291.npy
519,/root/StrokeDataset/Bleeding/PNG/13293.png,/root/StrokeDataset/Bleeding/MASK/13293.npy
520,/root/StrokeDataset/Bleeding/PNG/13296.png,/root/StrokeDataset/Bleeding/MASK/13296.npy
521,/root/StrokeDataset/Bleeding/PNG/13298.png,/root/StrokeDataset/Bleeding/MASK/13298.npy
522,/root/StrokeDataset/Bleeding/PNG/13300.png,/root/StrokeDataset/Bleeding/MASK/13300.npy
523,/root/StrokeDataset/Bleeding/PNG/13304.png,/root/StrokeDataset/Bleeding/MASK/13304.npy
524,/root/StrokeDataset/Bleeding/PNG/13309.png,/root/StrokeDataset/Bleeding/MASK/13309.npy
525,/root/StrokeDataset/Bleeding/PNG/13311.png,/root/StrokeDataset/Bleeding/MASK/13311.npy
526,/root/StrokeDataset/Bleeding/PNG/13321.png,/root/StrokeDataset/Bleeding/MASK/13321.npy
527,/root/StrokeDataset/Bleeding/PNG/13335.png,/root/StrokeDataset/Bleeding/MASK/13335.npy
528,/root/StrokeDataset/Bleeding/PNG/13336.png,/root/StrokeDataset/Bleeding/MASK/13336.npy
529,/root/StrokeDataset/Bleeding/PNG/13350.png,/root/StrokeDataset/Bleeding/MASK/13350.npy
530,/root/StrokeDataset/Bleeding/PNG/13353.png,/root/StrokeDataset/Bleeding/MASK/13353.npy
531,/root/StrokeDataset/Bleeding/PNG/13358.png,/root/StrokeDataset/Bleeding/MASK/13358.npy
532,/root/StrokeDataset/Bleeding/PNG/13359.png,/root/StrokeDataset/Bleeding/MASK/13359.npy
533,/root/StrokeDataset/Bleeding/PNG/13365.png,/root/StrokeDataset/Bleeding/MASK/13365.npy
534,/root/StrokeDataset/Bleeding/PNG/13371.png,/root/StrokeDataset/Bleeding/MASK/13371.npy
535,/root/StrokeDataset/Bleeding/PNG/13383.png,/root/StrokeDataset/Bleeding/MASK/13383.npy
536,/root/StrokeDataset/Bleeding/PNG/13384.png,/root/StrokeDataset/Bleeding/MASK/13384.npy
537,/root/StrokeDataset/Bleeding/PNG/13385.png,/root/StrokeDataset/Bleeding/MASK/13385.npy
538,/root/StrokeDataset/Bleeding/PNG/13388.png,/root/StrokeDataset/Bleeding/MASK/13388.npy
539,/root/StrokeDataset/Bleeding/PNG/13391.png,/root/StrokeDataset/Bleeding/MASK/13391.npy
540,/root/StrokeDataset/Bleeding/PNG/13394.png,/root/StrokeDataset/Bleeding/MASK/13394.npy
541,/root/StrokeDataset/Bleeding/PNG/13400.png,/root/StrokeDataset/Bleeding/MASK/13400.npy
542,/root/StrokeDataset/Bleeding/PNG/13408.png,/root/StrokeDataset/Bleeding/MASK/13408.npy
543,/root/StrokeDataset/Bleeding/PNG/13411.png,/root/StrokeDataset/Bleeding/MASK/13411.npy
544,/root/StrokeDataset/Bleeding/PNG/13413.png,/root/StrokeDataset/Bleeding/MASK/13413.npy
545,/root/StrokeDataset/Bleeding/PNG/13424.png,/root/StrokeDataset/Bleeding/MASK/13424.npy
546,/root/StrokeDataset/Bleeding/PNG/13427.png,/root/StrokeDataset/Bleeding/MASK/13427.npy
547,/root/StrokeDataset/Bleeding/PNG/13439.png,/root/StrokeDataset/Bleeding/MASK/13439.npy
548,/root/StrokeDataset/Bleeding/PNG/13460.png,/root/StrokeDataset/Bleeding/MASK/13460.npy
549,/root/StrokeDataset/Bleeding/PNG/13469.png,/root/StrokeDataset/Bleeding/MASK/13469.npy
550,/root/StrokeDataset/Bleeding/PNG/13478.png,/root/StrokeDataset/Bleeding/MASK/13478.npy
551,/root/StrokeDataset/Bleeding/PNG/13493.png,/root/StrokeDataset/Bleeding/MASK/13493.npy
552,/root/StrokeDataset/Bleeding/PNG/13504.png,/root/StrokeDataset/Bleeding/MASK/13504.npy
553,/root/StrokeDataset/Bleeding/PNG/13505.png,/root/StrokeDataset/Bleeding/MASK/13505.npy
554,/root/StrokeDataset/Bleeding/PNG/13509.png,/root/StrokeDataset/Bleeding/MASK/13509.npy
555,/root/StrokeDataset/Bleeding/PNG/13510.png,/root/StrokeDataset/Bleeding/MASK/13510.npy
556,/root/StrokeDataset/Bleeding/PNG/13530.png,/root/StrokeDataset/Bleeding/MASK/13530.npy
557,/root/StrokeDataset/Bleeding/PNG/13540.png,/root/StrokeDataset/Bleeding/MASK/13540.npy
558,/root/StrokeDataset/Bleeding/PNG/13541.png,/root/StrokeDataset/Bleeding/MASK/13541.npy
559,/root/StrokeDataset/Bleeding/PNG/13543.png,/root/StrokeDataset/Bleeding/MASK/13543.npy
560,/root/StrokeDataset/Bleeding/PNG/13556.png,/root/StrokeDataset/Bleeding/MASK/13556.npy
561,/root/StrokeDataset/Bleeding/PNG/13560.png,/root/StrokeDataset/Bleeding/MASK/13560.npy
562,/root/StrokeDataset/Bleeding/PNG/13561.png,/root/StrokeDataset/Bleeding/MASK/13561.npy
563,/root/StrokeDataset/Bleeding/PNG/13566.png,/root/StrokeDataset/Bleeding/MASK/13566.npy
564,/root/StrokeDataset/Bleeding/PNG/13572.png,/root/StrokeDataset/Bleeding/MASK/13572.npy
565,/root/StrokeDataset/Bleeding/PNG/13592.png,/root/StrokeDataset/Bleeding/MASK/13592.npy
566,/root/StrokeDataset/Bleeding/PNG/13606.png,/root/StrokeDataset/Bleeding/MASK/13606.npy
567,/root/StrokeDataset/Bleeding/PNG/13607.png,/root/StrokeDataset/Bleeding/MASK/13607.npy
568,/root/StrokeDataset/Bleeding/PNG/13615.png,/root/StrokeDataset/Bleeding/MASK/13615.npy
569,/root/StrokeDataset/Bleeding/PNG/13624.png,/root/StrokeDataset/Bleeding/MASK/13624.npy
570,/root/StrokeDataset/Bleeding/PNG/13639.png,/root/StrokeDataset/Bleeding/MASK/13639.npy
571,/root/StrokeDataset/Bleeding/PNG/13641.png,/root/StrokeDataset/Bleeding/MASK/13641.npy
572,/root/StrokeDataset/Bleeding/PNG/13642.png,/root/StrokeDataset/Bleeding/MASK/13642.npy
573,/root/StrokeDataset/Bleeding/PNG/13647.png,/root/StrokeDataset/Bleeding/MASK/13647.npy
574,/root/StrokeDataset/Bleeding/PNG/13664.png,/root/StrokeDataset/Bleeding/MASK/13664.npy
575,/root/StrokeDataset/Bleeding/PNG/13675.png,/root/StrokeDataset/Bleeding/MASK/13675.npy
576,/root/StrokeDataset/Bleeding/PNG/13682.png,/root/StrokeDataset/Bleeding/MASK/13682.npy
577,/root/StrokeDataset/Bleeding/PNG/13694.png,/root/StrokeDataset/Bleeding/MASK/13694.npy
578,/root/StrokeDataset/Bleeding/PNG/13695.png,/root/StrokeDataset/Bleeding/MASK/13695.npy
579,/root/StrokeDataset/Bleeding/PNG/13710.png,/root/StrokeDataset/Bleeding/MASK/13710.npy
580,/root/StrokeDataset/Bleeding/PNG/13712.png,/root/StrokeDataset/Bleeding/MASK/13712.npy
581,/root/StrokeDataset/Bleeding/PNG/13714.png,/root/StrokeDataset/Bleeding/MASK/13714.npy
582,/root/StrokeDataset/Bleeding/PNG/13716.png,/root/StrokeDataset/Bleeding/MASK/13716.npy
583,/root/StrokeDataset/Bleeding/PNG/13722.png,/root/StrokeDataset/Bleeding/MASK/13722.npy
584,/root/StrokeDataset/Bleeding/PNG/13734.png,/root/StrokeDataset/Bleeding/MASK/13734.npy
585,/root/StrokeDataset/Bleeding/PNG/13749.png,/root/StrokeDataset/Bleeding/MASK/13749.npy
586,/root/StrokeDataset/Bleeding/PNG/13751.png,/root/StrokeDataset/Bleeding/MASK/13751.npy
587,/root/StrokeDataset/Bleeding/PNG/13762.png,/root/StrokeDataset/Bleeding/MASK/13762.npy
588,/root/StrokeDataset/Bleeding/PNG/13764.png,/root/StrokeDataset/Bleeding/MASK/13764.npy
589,/root/StrokeDataset/Bleeding/PNG/13774.png,/root/StrokeDataset/Bleeding/MASK/13774.npy
590,/root/StrokeDataset/Bleeding/PNG/13780.png,/root/StrokeDataset/Bleeding/MASK/13780.npy
591,/root/StrokeDataset/Bleeding/PNG/13799.png,/root/StrokeDataset/Bleeding/MASK/13799.npy
592,/root/StrokeDataset/Bleeding/PNG/13806.png,/root/StrokeDataset/Bleeding/MASK/13806.npy
593,/root/StrokeDataset/Bleeding/PNG/13814.png,/root/StrokeDataset/Bleeding/MASK/13814.npy
594,/root/StrokeDataset/Bleeding/PNG/13815.png,/root/StrokeDataset/Bleeding/MASK/13815.npy
595,/root/StrokeDataset/Bleeding/PNG/13817.png,/root/StrokeDataset/Bleeding/MASK/13817.npy
596,/root/StrokeDataset/Bleeding/PNG/13819.png,/root/StrokeDataset/Bleeding/MASK/13819.npy
597,/root/StrokeDataset/Bleeding/PNG/13821.png,/root/StrokeDataset/Bleeding/MASK/13821.npy
598,/root/StrokeDataset/Bleeding/PNG/13823.png,/root/StrokeDataset/Bleeding/MASK/13823.npy
599,/root/StrokeDataset/Bleeding/PNG/13825.png,/root/StrokeDataset/Bleeding/MASK/13825.npy
600,/root/StrokeDataset/Bleeding/PNG/13829.png,/root/StrokeDataset/Bleeding/MASK/13829.npy
601,/root/StrokeDataset/Bleeding/PNG/13840.png,/root/StrokeDataset/Bleeding/MASK/13840.npy
602,/root/StrokeDataset/Bleeding/PNG/13845.png,/root/StrokeDataset/Bleeding/MASK/13845.npy
603,/root/StrokeDataset/Bleeding/PNG/13855.png,/root/StrokeDataset/Bleeding/MASK/13855.npy
604,/root/StrokeDataset/Bleeding/PNG/13858.png,/root/StrokeDataset/Bleeding/MASK/13858.npy
605,/root/StrokeDataset/Bleeding/PNG/13865.png,/root/StrokeDataset/Bleeding/MASK/13865.npy
606,/root/StrokeDataset/Bleeding/PNG/13868.png,/root/StrokeDataset/Bleeding/MASK/13868.npy
607,/root/StrokeDataset/Bleeding/PNG/13869.png,/root/StrokeDataset/Bleeding/MASK/13869.npy
608,/root/StrokeDataset/Bleeding/PNG/13874.png,/root/StrokeDataset/Bleeding/MASK/13874.npy
609,/root/StrokeDataset/Bleeding/PNG/13875.png,/root/StrokeDataset/Bleeding/MASK/13875.npy
610,/root/StrokeDataset/Bleeding/PNG/13879.png,/root/StrokeDataset/Bleeding/MASK/13879.npy
611,/root/StrokeDataset/Bleeding/PNG/13882.png,/root/StrokeDataset/Bleeding/MASK/13882.npy
612,/root/StrokeDataset/Bleeding/PNG/13883.png,/root/StrokeDataset/Bleeding/MASK/13883.npy
613,/root/StrokeDataset/Bleeding/PNG/13885.png,/root/StrokeDataset/Bleeding/MASK/13885.npy
614,/root/StrokeDataset/Bleeding/PNG/13897.png,/root/StrokeDataset/Bleeding/MASK/13897.npy
615,/root/StrokeDataset/Bleeding/PNG/13899.png,/root/StrokeDataset/Bleeding/MASK/13899.npy
616,/root/StrokeDataset/Bleeding/PNG/13903.png,/root/StrokeDataset/Bleeding/MASK/13903.npy
617,/root/StrokeDataset/Bleeding/PNG/13909.png,/root/StrokeDataset/Bleeding/MASK/13909.npy
618,/root/StrokeDataset/Bleeding/PNG/13912.png,/root/StrokeDataset/Bleeding/MASK/13912.npy
619,/root/StrokeDataset/Bleeding/PNG/13919.png,/root/StrokeDataset/Bleeding/MASK/13919.npy
620,/root/StrokeDataset/Bleeding/PNG/13923.png,/root/StrokeDataset/Bleeding/MASK/13923.npy
621,/root/StrokeDataset/Bleeding/PNG/13932.png,/root/StrokeDataset/Bleeding/MASK/13932.npy
622,/root/StrokeDataset/Bleeding/PNG/13940.png,/root/StrokeDataset/Bleeding/MASK/13940.npy
623,/root/StrokeDataset/Bleeding/PNG/13941.png,/root/StrokeDataset/Bleeding/MASK/13941.npy
624,/root/StrokeDataset/Bleeding/PNG/13943.png,/root/StrokeDataset/Bleeding/MASK/13943.npy
625,/root/StrokeDataset/Bleeding/PNG/13951.png,/root/StrokeDataset/Bleeding/MASK/13951.npy
626,/root/StrokeDataset/Bleeding/PNG/13953.png,/root/StrokeDataset/Bleeding/MASK/13953.npy
627,/root/StrokeDataset/Bleeding/PNG/13955.png,/root/StrokeDataset/Bleeding/MASK/13955.npy
628,/root/StrokeDataset/Bleeding/PNG/13967.png,/root/StrokeDataset/Bleeding/MASK/13967.npy
629,/root/StrokeDataset/Bleeding/PNG/13971.png,/root/StrokeDataset/Bleeding/MASK/13971.npy
630,/root/StrokeDataset/Bleeding/PNG/13983.png,/root/StrokeDataset/Bleeding/MASK/13983.npy
631,/root/StrokeDataset/Bleeding/PNG/13994.png,/root/StrokeDataset/Bleeding/MASK/13994.npy
632,/root/StrokeDataset/Bleeding/PNG/14005.png,/root/StrokeDataset/Bleeding/MASK/14005.npy
633,/root/StrokeDataset/Bleeding/PNG/14006.png,/root/StrokeDataset/Bleeding/MASK/14006.npy
634,/root/StrokeDataset/Bleeding/PNG/14012.png,/root/StrokeDataset/Bleeding/MASK/14012.npy
635,/root/StrokeDataset/Bleeding/PNG/14013.png,/root/StrokeDataset/Bleeding/MASK/14013.npy
636,/root/StrokeDataset/Bleeding/PNG/14016.png,/root/StrokeDataset/Bleeding/MASK/14016.npy
637,/root/StrokeDataset/Bleeding/PNG/14021.png,/root/StrokeDataset/Bleeding/MASK/14021.npy
638,/root/StrokeDataset/Bleeding/PNG/14025.png,/root/StrokeDataset/Bleeding/MASK/14025.npy
639,/root/StrokeDataset/Bleeding/PNG/14026.png,/root/StrokeDataset/Bleeding/MASK/14026.npy
640,/root/StrokeDataset/Bleeding/PNG/14030.png,/root/StrokeDataset/Bleeding/MASK/14030.npy
641,/root/StrokeDataset/Bleeding/PNG/14040.png,/root/StrokeDataset/Bleeding/MASK/14040.npy
642,/root/StrokeDataset/Bleeding/PNG/14041.png,/root/StrokeDataset/Bleeding/MASK/14041.npy
643,/root/StrokeDataset/Bleeding/PNG/14053.png,/root/StrokeDataset/Bleeding/MASK/14053.npy
644,/root/StrokeDataset/Bleeding/PNG/14058.png,/root/StrokeDataset/Bleeding/MASK/14058.npy
645,/root/StrokeDataset/Bleeding/PNG/14061.png,/root/StrokeDataset/Bleeding/MASK/14061.npy
646,/root/StrokeDataset/Bleeding/PNG/14062.png,/root/StrokeDataset/Bleeding/MASK/14062.npy
647,/root/StrokeDataset/Bleeding/PNG/14069.png,/root/StrokeDataset/Bleeding/MASK/14069.npy
648,/root/StrokeDataset/Bleeding/PNG/14072.png,/root/StrokeDataset/Bleeding/MASK/14072.npy
649,/root/StrokeDataset/Bleeding/PNG/14073.png,/root/StrokeDataset/Bleeding/MASK/14073.npy
650,/root/StrokeDataset/Bleeding/PNG/14077.png,/root/StrokeDataset/Bleeding/MASK/14077.npy
651,/root/StrokeDataset/Bleeding/PNG/14080.png,/root/StrokeDataset/Bleeding/MASK/14080.npy
652,/root/StrokeDataset/Bleeding/PNG/14082.png,/root/StrokeDataset/Bleeding/MASK/14082.npy
653,/root/StrokeDataset/Bleeding/PNG/14088.png,/root/StrokeDataset/Bleeding/MASK/14088.npy
654,/root/StrokeDataset/Bleeding/PNG/14098.png,/root/StrokeDataset/Bleeding/MASK/14098.npy
655,/root/StrokeDataset/Bleeding/PNG/14124.png,/root/StrokeDataset/Bleeding/MASK/14124.npy
656,/root/StrokeDataset/Bleeding/PNG/14126.png,/root/StrokeDataset/Bleeding/MASK/14126.npy
657,/root/StrokeDataset/Bleeding/PNG/14129.png,/root/StrokeDataset/Bleeding/MASK/14129.npy
658,/root/StrokeDataset/Bleeding/PNG/14133.png,/root/StrokeDataset/Bleeding/MASK/14133.npy
659,/root/StrokeDataset/Bleeding/PNG/14151.png,/root/StrokeDataset/Bleeding/MASK/14151.npy
660,/root/StrokeDataset/Bleeding/PNG/14178.png,/root/StrokeDataset/Bleeding/MASK/14178.npy
661,/root/StrokeDataset/Bleeding/PNG/14182.png,/root/StrokeDataset/Bleeding/MASK/14182.npy
662,/root/StrokeDataset/Bleeding/PNG/14187.png,/root/StrokeDataset/Bleeding/MASK/14187.npy
663,/root/StrokeDataset/Bleeding/PNG/14197.png,/root/StrokeDataset/Bleeding/MASK/14197.npy
664,/root/StrokeDataset/Bleeding/PNG/14202.png,/root/StrokeDataset/Bleeding/MASK/14202.npy
665,/root/StrokeDataset/Bleeding/PNG/14217.png,/root/StrokeDataset/Bleeding/MASK/14217.npy
666,/root/StrokeDataset/Bleeding/PNG/14221.png,/root/StrokeDataset/Bleeding/MASK/14221.npy
667,/root/StrokeDataset/Bleeding/PNG/14225.png,/root/StrokeDataset/Bleeding/MASK/14225.npy
668,/root/StrokeDataset/Bleeding/PNG/14227.png,/root/StrokeDataset/Bleeding/MASK/14227.npy
669,/root/StrokeDataset/Bleeding/PNG/14230.png,/root/StrokeDataset/Bleeding/MASK/14230.npy
670,/root/StrokeDataset/Bleeding/PNG/14235.png,/root/StrokeDataset/Bleeding/MASK/14235.npy
671,/root/StrokeDataset/Bleeding/PNG/14251.png,/root/StrokeDataset/Bleeding/MASK/14251.npy
672,/root/StrokeDataset/Bleeding/PNG/14252.png,/root/StrokeDataset/Bleeding/MASK/14252.npy
673,/root/StrokeDataset/Bleeding/PNG/14256.png,/root/StrokeDataset/Bleeding/MASK/14256.npy
674,/root/StrokeDataset/Bleeding/PNG/14265.png,/root/StrokeDataset/Bleeding/MASK/14265.npy
675,/root/StrokeDataset/Bleeding/PNG/14282.png,/root/StrokeDataset/Bleeding/MASK/14282.npy
676,/root/StrokeDataset/Bleeding/PNG/14284.png,/root/StrokeDataset/Bleeding/MASK/14284.npy
677,/root/StrokeDataset/Bleeding/PNG/14287.png,/root/StrokeDataset/Bleeding/MASK/14287.npy
678,/root/StrokeDataset/Bleeding/PNG/14289.png,/root/StrokeDataset/Bleeding/MASK/14289.npy
679,/root/StrokeDataset/Bleeding/PNG/14298.png,/root/StrokeDataset/Bleeding/MASK/14298.npy
680,/root/StrokeDataset/Bleeding/PNG/14300.png,/root/StrokeDataset/Bleeding/MASK/14300.npy
681,/root/StrokeDataset/Bleeding/PNG/14308.png,/root/StrokeDataset/Bleeding/MASK/14308.npy
682,/root/StrokeDataset/Bleeding/PNG/14310.png,/root/StrokeDataset/Bleeding/MASK/14310.npy
683,/root/StrokeDataset/Bleeding/PNG/14311.png,/root/StrokeDataset/Bleeding/MASK/14311.npy
684,/root/StrokeDataset/Bleeding/PNG/14312.png,/root/StrokeDataset/Bleeding/MASK/14312.npy
685,/root/StrokeDataset/Bleeding/PNG/14326.png,/root/StrokeDataset/Bleeding/MASK/14326.npy
686,/root/StrokeDataset/Bleeding/PNG/14329.png,/root/StrokeDataset/Bleeding/MASK/14329.npy
687,/root/StrokeDataset/Bleeding/PNG/14330.png,/root/StrokeDataset/Bleeding/MASK/14330.npy
688,/root/StrokeDataset/Bleeding/PNG/14340.png,/root/StrokeDataset/Bleeding/MASK/14340.npy
689,/root/StrokeDataset/Bleeding/PNG/14345.png,/root/StrokeDataset/Bleeding/MASK/14345.npy
690,/root/StrokeDataset/Bleeding/PNG/14365.png,/root/StrokeDataset/Bleeding/MASK/14365.npy
691,/root/StrokeDataset/Bleeding/PNG/14386.png,/root/StrokeDataset/Bleeding/MASK/14386.npy
692,/root/StrokeDataset/Bleeding/PNG/14403.png,/root/StrokeDataset/Bleeding/MASK/14403.npy
693,/root/StrokeDataset/Bleeding/PNG/14406.png,/root/StrokeDataset/Bleeding/MASK/14406.npy
694,/root/StrokeDataset/Bleeding/PNG/14409.png,/root/StrokeDataset/Bleeding/MASK/14409.npy
695,/root/StrokeDataset/Bleeding/PNG/14414.png,/root/StrokeDataset/Bleeding/MASK/14414.npy
696,/root/StrokeDataset/Bleeding/PNG/14418.png,/root/StrokeDataset/Bleeding/MASK/14418.npy
697,/root/StrokeDataset/Bleeding/PNG/14422.png,/root/StrokeDataset/Bleeding/MASK/14422.npy
698,/root/StrokeDataset/Bleeding/PNG/14426.png,/root/StrokeDataset/Bleeding/MASK/14426.npy
699,/root/StrokeDataset/Bleeding/PNG/14430.png,/root/StrokeDataset/Bleeding/MASK/14430.npy
700,/root/StrokeDataset/Bleeding/PNG/14435.png,/root/StrokeDataset/Bleeding/MASK/14435.npy
701,/root/StrokeDataset/Bleeding/PNG/14444.png,/root/StrokeDataset/Bleeding/MASK/14444.npy
702,/root/StrokeDataset/Bleeding/PNG/14452.png,/root/StrokeDataset/Bleeding/MASK/14452.npy
703,/root/StrokeDataset/Bleeding/PNG/14458.png,/root/StrokeDataset/Bleeding/MASK/14458.npy
704,/root/StrokeDataset/Bleeding/PNG/14463.png,/root/StrokeDataset/Bleeding/MASK/14463.npy
705,/root/StrokeDataset/Bleeding/PNG/14465.png,/root/StrokeDataset/Bleeding/MASK/14465.npy
706,/root/StrokeDataset/Bleeding/PNG/14475.png,/root/StrokeDataset/Bleeding/MASK/14475.npy
707,/root/StrokeDataset/Bleeding/PNG/14486.png,/root/StrokeDataset/Bleeding/MASK/14486.npy
708,/root/StrokeDataset/Bleeding/PNG/14517.png,/root/StrokeDataset/Bleeding/MASK/14517.npy
709,/root/StrokeDataset/Bleeding/PNG/14524.png,/root/StrokeDataset/Bleeding/MASK/14524.npy
710,/root/StrokeDataset/Bleeding/PNG/14536.png,/root/StrokeDataset/Bleeding/MASK/14536.npy
711,/root/StrokeDataset/Bleeding/PNG/14537.png,/root/StrokeDataset/Bleeding/MASK/14537.npy
712,/root/StrokeDataset/Bleeding/PNG/14538.png,/root/StrokeDataset/Bleeding/MASK/14538.npy
713,/root/StrokeDataset/Bleeding/PNG/14556.png,/root/StrokeDataset/Bleeding/MASK/14556.npy
714,/root/StrokeDataset/Bleeding/PNG/14557.png,/root/StrokeDataset/Bleeding/MASK/14557.npy
715,/root/StrokeDataset/Bleeding/PNG/14563.png,/root/StrokeDataset/Bleeding/MASK/14563.npy
716,/root/StrokeDataset/Bleeding/PNG/14565.png,/root/StrokeDataset/Bleeding/MASK/14565.npy
717,/root/StrokeDataset/Bleeding/PNG/14577.png,/root/StrokeDataset/Bleeding/MASK/14577.npy
718,/root/StrokeDataset/Bleeding/PNG/14587.png,/root/StrokeDataset/Bleeding/MASK/14587.npy
719,/root/StrokeDataset/Bleeding/PNG/14589.png,/root/StrokeDataset/Bleeding/MASK/14589.npy
720,/root/StrokeDataset/Bleeding/PNG/14595.png,/root/StrokeDataset/Bleeding/MASK/14595.npy
721,/root/StrokeDataset/Bleeding/PNG/14602.png,/root/StrokeDataset/Bleeding/MASK/14602.npy
722,/root/StrokeDataset/Bleeding/PNG/14604.png,/root/StrokeDataset/Bleeding/MASK/14604.npy
723,/root/StrokeDataset/Bleeding/PNG/14609.png,/root/StrokeDataset/Bleeding/MASK/14609.npy
724,/root/StrokeDataset/Bleeding/PNG/14623.png,/root/StrokeDataset/Bleeding/MASK/14623.npy
725,/root/StrokeDataset/Bleeding/PNG/14627.png,/root/StrokeDataset/Bleeding/MASK/14627.npy
726,/root/StrokeDataset/Bleeding/PNG/14629.png,/root/StrokeDataset/Bleeding/MASK/14629.npy
727,/root/StrokeDataset/Bleeding/PNG/14633.png,/root/StrokeDataset/Bleeding/MASK/14633.npy
728,/root/StrokeDataset/Bleeding/PNG/14642.png,/root/StrokeDataset/Bleeding/MASK/14642.npy
729,/root/StrokeDataset/Bleeding/PNG/14647.png,/root/StrokeDataset/Bleeding/MASK/14647.npy
730,/root/StrokeDataset/Bleeding/PNG/14655.png,/root/StrokeDataset/Bleeding/MASK/14655.npy
731,/root/StrokeDataset/Bleeding/PNG/14657.png,/root/StrokeDataset/Bleeding/MASK/14657.npy
732,/root/StrokeDataset/Bleeding/PNG/14663.png,/root/StrokeDataset/Bleeding/MASK/14663.npy
733,/root/StrokeDataset/Bleeding/PNG/14668.png,/root/StrokeDataset/Bleeding/MASK/14668.npy
734,/root/StrokeDataset/Bleeding/PNG/14672.png,/root/StrokeDataset/Bleeding/MASK/14672.npy
735,/root/StrokeDataset/Bleeding/PNG/14675.png,/root/StrokeDataset/Bleeding/MASK/14675.npy
736,/root/StrokeDataset/Bleeding/PNG/14676.png,/root/StrokeDataset/Bleeding/MASK/14676.npy
737,/root/StrokeDataset/Bleeding/PNG/14677.png,/root/StrokeDataset/Bleeding/MASK/14677.npy
738,/root/StrokeDataset/Bleeding/PNG/14684.png,/root/StrokeDataset/Bleeding/MASK/14684.npy
739,/root/StrokeDataset/Bleeding/PNG/14686.png,/root/StrokeDataset/Bleeding/MASK/14686.npy
740,/root/StrokeDataset/Bleeding/PNG/14699.png,/root/StrokeDataset/Bleeding/MASK/14699.npy
741,/root/StrokeDataset/Bleeding/PNG/14700.png,/root/StrokeDataset/Bleeding/MASK/14700.npy
742,/root/StrokeDataset/Bleeding/PNG/14708.png,/root/StrokeDataset/Bleeding/MASK/14708.npy
743,/root/StrokeDataset/Bleeding/PNG/14712.png,/root/StrokeDataset/Bleeding/MASK/14712.npy
744,/root/StrokeDataset/Bleeding/PNG/14725.png,/root/StrokeDataset/Bleeding/MASK/14725.npy
745,/root/StrokeDataset/Bleeding/PNG/14732.png,/root/StrokeDataset/Bleeding/MASK/14732.npy
746,/root/StrokeDataset/Bleeding/PNG/14746.png,/root/StrokeDataset/Bleeding/MASK/14746.npy
747,/root/StrokeDataset/Bleeding/PNG/14747.png,/root/StrokeDataset/Bleeding/MASK/14747.npy
748,/root/StrokeDataset/Bleeding/PNG/14782.png,/root/StrokeDataset/Bleeding/MASK/14782.npy
749,/root/StrokeDataset/Bleeding/PNG/14789.png,/root/StrokeDataset/Bleeding/MASK/14789.npy
750,/root/StrokeDataset/Bleeding/PNG/14790.png,/root/StrokeDataset/Bleeding/MASK/14790.npy
751,/root/StrokeDataset/Bleeding/PNG/14831.png,/root/StrokeDataset/Bleeding/MASK/14831.npy
752,/root/StrokeDataset/Bleeding/PNG/14833.png,/root/StrokeDataset/Bleeding/MASK/14833.npy
753,/root/StrokeDataset/Bleeding/PNG/14836.png,/root/StrokeDataset/Bleeding/MASK/14836.npy
754,/root/StrokeDataset/Bleeding/PNG/14851.png,/root/StrokeDataset/Bleeding/MASK/14851.npy
755,/root/StrokeDataset/Bleeding/PNG/14852.png,/root/StrokeDataset/Bleeding/MASK/14852.npy
756,/root/StrokeDataset/Bleeding/PNG/14864.png,/root/StrokeDataset/Bleeding/MASK/14864.npy
757,/root/StrokeDataset/Bleeding/PNG/14872.png,/root/StrokeDataset/Bleeding/MASK/14872.npy
758,/root/StrokeDataset/Bleeding/PNG/14877.png,/root/StrokeDataset/Bleeding/MASK/14877.npy
759,/root/StrokeDataset/Bleeding/PNG/14889.png,/root/StrokeDataset/Bleeding/MASK/14889.npy
760,/root/StrokeDataset/Bleeding/PNG/14902.png,/root/StrokeDataset/Bleeding/MASK/14902.npy
761,/root/StrokeDataset/Bleeding/PNG/14903.png,/root/StrokeDataset/Bleeding/MASK/14903.npy
762,/root/StrokeDataset/Bleeding/PNG/14907.png,/root/StrokeDataset/Bleeding/MASK/14907.npy
763,/root/StrokeDataset/Bleeding/PNG/14915.png,/root/StrokeDataset/Bleeding/MASK/14915.npy
764,/root/StrokeDataset/Bleeding/PNG/14916.png,/root/StrokeDataset/Bleeding/MASK/14916.npy
765,/root/StrokeDataset/Bleeding/PNG/14924.png,/root/StrokeDataset/Bleeding/MASK/14924.npy
766,/root/StrokeDataset/Bleeding/PNG/14926.png,/root/StrokeDataset/Bleeding/MASK/14926.npy
767,/root/StrokeDataset/Bleeding/PNG/14940.png,/root/StrokeDataset/Bleeding/MASK/14940.npy
768,/root/StrokeDataset/Bleeding/PNG/14947.png,/root/StrokeDataset/Bleeding/MASK/14947.npy
769,/root/StrokeDataset/Bleeding/PNG/14951.png,/root/StrokeDataset/Bleeding/MASK/14951.npy
770,/root/StrokeDataset/Bleeding/PNG/14953.png,/root/StrokeDataset/Bleeding/MASK/14953.npy
771,/root/StrokeDataset/Bleeding/PNG/14956.png,/root/StrokeDataset/Bleeding/MASK/14956.npy
772,/root/StrokeDataset/Bleeding/PNG/14957.png,/root/StrokeDataset/Bleeding/MASK/14957.npy
773,/root/StrokeDataset/Bleeding/PNG/14960.png,/root/StrokeDataset/Bleeding/MASK/14960.npy
774,/root/StrokeDataset/Bleeding/PNG/14961.png,/root/StrokeDataset/Bleeding/MASK/14961.npy
775,/root/StrokeDataset/Bleeding/PNG/14963.png,/root/StrokeDataset/Bleeding/MASK/14963.npy
776,/root/StrokeDataset/Bleeding/PNG/14973.png,/root/StrokeDataset/Bleeding/MASK/14973.npy
777,/root/StrokeDataset/Bleeding/PNG/14975.png,/root/StrokeDataset/Bleeding/MASK/14975.npy
778,/root/StrokeDataset/Bleeding/PNG/14978.png,/root/StrokeDataset/Bleeding/MASK/14978.npy
779,/root/StrokeDataset/Bleeding/PNG/14985.png,/root/StrokeDataset/Bleeding/MASK/14985.npy
780,/root/StrokeDataset/Bleeding/PNG/14992.png,/root/StrokeDataset/Bleeding/MASK/14992.npy
781,/root/StrokeDataset/Bleeding/PNG/14999.png,/root/StrokeDataset/Bleeding/MASK/14999.npy
782,/root/StrokeDataset/Bleeding/PNG/15004.png,/root/StrokeDataset/Bleeding/MASK/15004.npy
783,/root/StrokeDataset/Bleeding/PNG/15006.png,/root/StrokeDataset/Bleeding/MASK/15006.npy
784,/root/StrokeDataset/Bleeding/PNG/15008.png,/root/StrokeDataset/Bleeding/MASK/15008.npy
785,/root/StrokeDataset/Bleeding/PNG/15013.png,/root/StrokeDataset/Bleeding/MASK/15013.npy
786,/root/StrokeDataset/Bleeding/PNG/15014.png,/root/StrokeDataset/Bleeding/MASK/15014.npy
787,/root/StrokeDataset/Bleeding/PNG/15015.png,/root/StrokeDataset/Bleeding/MASK/15015.npy
788,/root/StrokeDataset/Bleeding/PNG/15019.png,/root/StrokeDataset/Bleeding/MASK/15019.npy
789,/root/StrokeDataset/Bleeding/PNG/15022.png,/root/StrokeDataset/Bleeding/MASK/15022.npy
790,/root/StrokeDataset/Bleeding/PNG/15023.png,/root/StrokeDataset/Bleeding/MASK/15023.npy
791,/root/StrokeDataset/Bleeding/PNG/15026.png,/root/StrokeDataset/Bleeding/MASK/15026.npy
792,/root/StrokeDataset/Bleeding/PNG/15033.png,/root/StrokeDataset/Bleeding/MASK/15033.npy
793,/root/StrokeDataset/Bleeding/PNG/15039.png,/root/StrokeDataset/Bleeding/MASK/15039.npy
794,/root/StrokeDataset/Bleeding/PNG/15043.png,/root/StrokeDataset/Bleeding/MASK/15043.npy
795,/root/StrokeDataset/Bleeding/PNG/15046.png,/root/StrokeDataset/Bleeding/MASK/15046.npy
796,/root/StrokeDataset/Bleeding/PNG/15054.png,/root/StrokeDataset/Bleeding/MASK/15054.npy
797,/root/StrokeDataset/Bleeding/PNG/15059.png,/root/StrokeDataset/Bleeding/MASK/15059.npy
798,/root/StrokeDataset/Bleeding/PNG/15086.png,/root/StrokeDataset/Bleeding/MASK/15086.npy
799,/root/StrokeDataset/Bleeding/PNG/15100.png,/root/StrokeDataset/Bleeding/MASK/15100.npy
800,/root/StrokeDataset/Bleeding/PNG/15117.png,/root/StrokeDataset/Bleeding/MASK/15117.npy
801,/root/StrokeDataset/Bleeding/PNG/15118.png,/root/StrokeDataset/Bleeding/MASK/15118.npy
802,/root/StrokeDataset/Bleeding/PNG/15134.png,/root/StrokeDataset/Bleeding/MASK/15134.npy
803,/root/StrokeDataset/Bleeding/PNG/15137.png,/root/StrokeDataset/Bleeding/MASK/15137.npy
804,/root/StrokeDataset/Bleeding/PNG/15159.png,/root/StrokeDataset/Bleeding/MASK/15159.npy
805,/root/StrokeDataset/Bleeding/PNG/15168.png,/root/StrokeDataset/Bleeding/MASK/15168.npy
806,/root/StrokeDataset/Bleeding/PNG/15171.png,/root/StrokeDataset/Bleeding/MASK/15171.npy
807,/root/StrokeDataset/Bleeding/PNG/15177.png,/root/StrokeDataset/Bleeding/MASK/15177.npy
808,/root/StrokeDataset/Bleeding/PNG/15198.png,/root/StrokeDataset/Bleeding/MASK/15198.npy
809,/root/StrokeDataset/Bleeding/PNG/15203.png,/root/StrokeDataset/Bleeding/MASK/15203.npy
810,/root/StrokeDataset/Bleeding/PNG/15209.png,/root/StrokeDataset/Bleeding/MASK/15209.npy
811,/root/StrokeDataset/Bleeding/PNG/15224.png,/root/StrokeDataset/Bleeding/MASK/15224.npy
812,/root/StrokeDataset/Bleeding/PNG/15226.png,/root/StrokeDataset/Bleeding/MASK/15226.npy
813,/root/StrokeDataset/Bleeding/PNG/15234.png,/root/StrokeDataset/Bleeding/MASK/15234.npy
814,/root/StrokeDataset/Bleeding/PNG/15241.png,/root/StrokeDataset/Bleeding/MASK/15241.npy
815,/root/StrokeDataset/Bleeding/PNG/15246.png,/root/StrokeDataset/Bleeding/MASK/15246.npy
816,/root/StrokeDataset/Bleeding/PNG/15257.png,/root/StrokeDataset/Bleeding/MASK/15257.npy
817,/root/StrokeDataset/Bleeding/PNG/15272.png,/root/StrokeDataset/Bleeding/MASK/15272.npy
818,/root/StrokeDataset/Bleeding/PNG/15286.png,/root/StrokeDataset/Bleeding/MASK/15286.npy
819,/root/StrokeDataset/Bleeding/PNG/15292.png,/root/StrokeDataset/Bleeding/MASK/15292.npy
820,/root/StrokeDataset/Bleeding/PNG/15302.png,/root/StrokeDataset/Bleeding/MASK/15302.npy
821,/root/StrokeDataset/Bleeding/PNG/15305.png,/root/StrokeDataset/Bleeding/MASK/15305.npy
822,/root/StrokeDataset/Bleeding/PNG/15313.png,/root/StrokeDataset/Bleeding/MASK/15313.npy
823,/root/StrokeDataset/Bleeding/PNG/15315.png,/root/StrokeDataset/Bleeding/MASK/15315.npy
824,/root/StrokeDataset/Bleeding/PNG/15330.png,/root/StrokeDataset/Bleeding/MASK/15330.npy
825,/root/StrokeDataset/Bleeding/PNG/15332.png,/root/StrokeDataset/Bleeding/MASK/15332.npy
826,/root/StrokeDataset/Bleeding/PNG/15335.png,/root/StrokeDataset/Bleeding/MASK/15335.npy
827,/root/StrokeDataset/Bleeding/PNG/15338.png,/root/StrokeDataset/Bleeding/MASK/15338.npy
828,/root/StrokeDataset/Bleeding/PNG/15351.png,/root/StrokeDataset/Bleeding/MASK/15351.npy
829,/root/StrokeDataset/Bleeding/PNG/15353.png,/root/StrokeDataset/Bleeding/MASK/15353.npy
830,/root/StrokeDataset/Bleeding/PNG/15356.png,/root/StrokeDataset/Bleeding/MASK/15356.npy
831,/root/StrokeDataset/Bleeding/PNG/15360.png,/root/StrokeDataset/Bleeding/MASK/15360.npy
832,/root/StrokeDataset/Bleeding/PNG/15372.png,/root/StrokeDataset/Bleeding/MASK/15372.npy
833,/root/StrokeDataset/Bleeding/PNG/15376.png,/root/StrokeDataset/Bleeding/MASK/15376.npy
834,/root/StrokeDataset/Bleeding/PNG/15384.png,/root/StrokeDataset/Bleeding/MASK/15384.npy
835,/root/StrokeDataset/Bleeding/PNG/15386.png,/root/StrokeDataset/Bleeding/MASK/15386.npy
836,/root/StrokeDataset/Bleeding/PNG/15391.png,/root/StrokeDataset/Bleeding/MASK/15391.npy
837,/root/StrokeDataset/Bleeding/PNG/15392.png,/root/StrokeDataset/Bleeding/MASK/15392.npy
838,/root/StrokeDataset/Bleeding/PNG/15393.png,/root/StrokeDataset/Bleeding/MASK/15393.npy
839,/root/StrokeDataset/Bleeding/PNG/15394.png,/root/StrokeDataset/Bleeding/MASK/15394.npy
840,/root/StrokeDataset/Bleeding/PNG/15396.png,/root/StrokeDataset/Bleeding/MASK/15396.npy
841,/root/StrokeDataset/Bleeding/PNG/15398.png,/root/StrokeDataset/Bleeding/MASK/15398.npy
842,/root/StrokeDataset/Bleeding/PNG/15430.png,/root/StrokeDataset/Bleeding/MASK/15430.npy
843,/root/StrokeDataset/Bleeding/PNG/15444.png,/root/StrokeDataset/Bleeding/MASK/15444.npy
844,/root/StrokeDataset/Bleeding/PNG/15445.png,/root/StrokeDataset/Bleeding/MASK/15445.npy
845,/root/StrokeDataset/Bleeding/PNG/15448.png,/root/StrokeDataset/Bleeding/MASK/15448.npy
846,/root/StrokeDataset/Bleeding/PNG/15455.png,/root/StrokeDataset/Bleeding/MASK/15455.npy
847,/root/StrokeDataset/Bleeding/PNG/15461.png,/root/StrokeDataset/Bleeding/MASK/15461.npy
848,/root/StrokeDataset/Bleeding/PNG/15463.png,/root/StrokeDataset/Bleeding/MASK/15463.npy
849,/root/StrokeDataset/Bleeding/PNG/15465.png,/root/StrokeDataset/Bleeding/MASK/15465.npy
850,/root/StrokeDataset/Bleeding/PNG/15468.png,/root/StrokeDataset/Bleeding/MASK/15468.npy
851,/root/StrokeDataset/Bleeding/PNG/15475.png,/root/StrokeDataset/Bleeding/MASK/15475.npy
852,/root/StrokeDataset/Bleeding/PNG/15485.png,/root/StrokeDataset/Bleeding/MASK/15485.npy
853,/root/StrokeDataset/Bleeding/PNG/15488.png,/root/StrokeDataset/Bleeding/MASK/15488.npy
854,/root/StrokeDataset/Bleeding/PNG/15491.png,/root/StrokeDataset/Bleeding/MASK/15491.npy
855,/root/StrokeDataset/Bleeding/PNG/15501.png,/root/StrokeDataset/Bleeding/MASK/15501.npy
856,/root/StrokeDataset/Bleeding/PNG/15505.png,/root/StrokeDataset/Bleeding/MASK/15505.npy
857,/root/StrokeDataset/Bleeding/PNG/15506.png,/root/StrokeDataset/Bleeding/MASK/15506.npy
858,/root/StrokeDataset/Bleeding/PNG/15509.png,/root/StrokeDataset/Bleeding/MASK/15509.npy
859,/root/StrokeDataset/Bleeding/PNG/15512.png,/root/StrokeDataset/Bleeding/MASK/15512.npy
860,/root/StrokeDataset/Bleeding/PNG/15515.png,/root/StrokeDataset/Bleeding/MASK/15515.npy
861,/root/StrokeDataset/Bleeding/PNG/15519.png,/root/StrokeDataset/Bleeding/MASK/15519.npy
862,/root/StrokeDataset/Bleeding/PNG/15526.png,/root/StrokeDataset/Bleeding/MASK/15526.npy
863,/root/StrokeDataset/Bleeding/PNG/15536.png,/root/StrokeDataset/Bleeding/MASK/15536.npy
864,/root/StrokeDataset/Bleeding/PNG/15540.png,/root/StrokeDataset/Bleeding/MASK/15540.npy
865,/root/StrokeDataset/Bleeding/PNG/15542.png,/root/StrokeDataset/Bleeding/MASK/15542.npy
866,/root/StrokeDataset/Bleeding/PNG/15546.png,/root/StrokeDataset/Bleeding/MASK/15546.npy
867,/root/StrokeDataset/Bleeding/PNG/15555.png,/root/StrokeDataset/Bleeding/MASK/15555.npy
868,/root/StrokeDataset/Bleeding/PNG/15557.png,/root/StrokeDataset/Bleeding/MASK/15557.npy
869,/root/StrokeDataset/Bleeding/PNG/15558.png,/root/StrokeDataset/Bleeding/MASK/15558.npy
870,/root/StrokeDataset/Bleeding/PNG/15559.png,/root/StrokeDataset/Bleeding/MASK/15559.npy
871,/root/StrokeDataset/Bleeding/PNG/15569.png,/root/StrokeDataset/Bleeding/MASK/15569.npy
872,/root/StrokeDataset/Bleeding/PNG/15572.png,/root/StrokeDataset/Bleeding/MASK/15572.npy
873,/root/StrokeDataset/Bleeding/PNG/15574.png,/root/StrokeDataset/Bleeding/MASK/15574.npy
874,/root/StrokeDataset/Bleeding/PNG/15575.png,/root/StrokeDataset/Bleeding/MASK/15575.npy
875,/root/StrokeDataset/Bleeding/PNG/15577.png,/root/StrokeDataset/Bleeding/MASK/15577.npy
876,/root/StrokeDataset/Bleeding/PNG/15578.png,/root/StrokeDataset/Bleeding/MASK/15578.npy
877,/root/StrokeDataset/Bleeding/PNG/15583.png,/root/StrokeDataset/Bleeding/MASK/15583.npy
878,/root/StrokeDataset/Bleeding/PNG/15586.png,/root/StrokeDataset/Bleeding/MASK/15586.npy
879,/root/StrokeDataset/Bleeding/PNG/15595.png,/root/StrokeDataset/Bleeding/MASK/15595.npy
880,/root/StrokeDataset/Bleeding/PNG/15597.png,/root/StrokeDataset/Bleeding/MASK/15597.npy
881,/root/StrokeDataset/Bleeding/PNG/15598.png,/root/StrokeDataset/Bleeding/MASK/15598.npy
882,/root/StrokeDataset/Bleeding/PNG/15609.png,/root/StrokeDataset/Bleeding/MASK/15609.npy
883,/root/StrokeDataset/Bleeding/PNG/15630.png,/root/StrokeDataset/Bleeding/MASK/15630.npy
884,/root/StrokeDataset/Bleeding/PNG/15632.png,/root/StrokeDataset/Bleeding/MASK/15632.npy
885,/root/StrokeDataset/Bleeding/PNG/15645.png,/root/StrokeDataset/Bleeding/MASK/15645.npy
886,/root/StrokeDataset/Bleeding/PNG/15657.png,/root/StrokeDataset/Bleeding/MASK/15657.npy
887,/root/StrokeDataset/Bleeding/PNG/15658.png,/root/StrokeDataset/Bleeding/MASK/15658.npy
888,/root/StrokeDataset/Bleeding/PNG/15660.png,/root/StrokeDataset/Bleeding/MASK/15660.npy
889,/root/StrokeDataset/Bleeding/PNG/15661.png,/root/StrokeDataset/Bleeding/MASK/15661.npy
890,/root/StrokeDataset/Bleeding/PNG/15668.png,/root/StrokeDataset/Bleeding/MASK/15668.npy
891,/root/StrokeDataset/Bleeding/PNG/15702.png,/root/StrokeDataset/Bleeding/MASK/15702.npy
892,/root/StrokeDataset/Bleeding/PNG/15704.png,/root/StrokeDataset/Bleeding/MASK/15704.npy
893,/root/StrokeDataset/Bleeding/PNG/15710.png,/root/StrokeDataset/Bleeding/MASK/15710.npy
894,/root/StrokeDataset/Bleeding/PNG/15714.png,/root/StrokeDataset/Bleeding/MASK/15714.npy
895,/root/StrokeDataset/Bleeding/PNG/15717.png,/root/StrokeDataset/Bleeding/MASK/15717.npy
896,/root/StrokeDataset/Bleeding/PNG/15720.png,/root/StrokeDataset/Bleeding/MASK/15720.npy
897,/root/StrokeDataset/Bleeding/PNG/15727.png,/root/StrokeDataset/Bleeding/MASK/15727.npy
898,/root/StrokeDataset/Bleeding/PNG/15736.png,/root/StrokeDataset/Bleeding/MASK/15736.npy
899,/root/StrokeDataset/Bleeding/PNG/15737.png,/root/StrokeDataset/Bleeding/MASK/15737.npy
900,/root/StrokeDataset/Bleeding/PNG/15738.png,/root/StrokeDataset/Bleeding/MASK/15738.npy
901,/root/StrokeDataset/Bleeding/PNG/15757.png,/root/StrokeDataset/Bleeding/MASK/15757.npy
902,/root/StrokeDataset/Bleeding/PNG/15769.png,/root/StrokeDataset/Bleeding/MASK/15769.npy
903,/root/StrokeDataset/Bleeding/PNG/15772.png,/root/StrokeDataset/Bleeding/MASK/15772.npy
904,/root/StrokeDataset/Bleeding/PNG/15776.png,/root/StrokeDataset/Bleeding/MASK/15776.npy
905,/root/StrokeDataset/Bleeding/PNG/15777.png,/root/StrokeDataset/Bleeding/MASK/15777.npy
906,/root/StrokeDataset/Bleeding/PNG/15783.png,/root/StrokeDataset/Bleeding/MASK/15783.npy
907,/root/StrokeDataset/Bleeding/PNG/15788.png,/root/StrokeDataset/Bleeding/MASK/15788.npy
908,/root/StrokeDataset/Bleeding/PNG/15791.png,/root/StrokeDataset/Bleeding/MASK/15791.npy
909,/root/StrokeDataset/Bleeding/PNG/15796.png,/root/StrokeDataset/Bleeding/MASK/15796.npy
910,/root/StrokeDataset/Bleeding/PNG/15803.png,/root/StrokeDataset/Bleeding/MASK/15803.npy
911,/root/StrokeDataset/Bleeding/PNG/15806.png,/root/StrokeDataset/Bleeding/MASK/15806.npy
912,/root/StrokeDataset/Bleeding/PNG/15807.png,/root/StrokeDataset/Bleeding/MASK/15807.npy
913,/root/StrokeDataset/Bleeding/PNG/15808.png,/root/StrokeDataset/Bleeding/MASK/15808.npy
914,/root/StrokeDataset/Bleeding/PNG/15809.png,/root/StrokeDataset/Bleeding/MASK/15809.npy
915,/root/StrokeDataset/Bleeding/PNG/15812.png,/root/StrokeDataset/Bleeding/MASK/15812.npy
916,/root/StrokeDataset/Bleeding/PNG/15814.png,/root/StrokeDataset/Bleeding/MASK/15814.npy
917,/root/StrokeDataset/Bleeding/PNG/15819.png,/root/StrokeDataset/Bleeding/MASK/15819.npy
918,/root/StrokeDataset/Bleeding/PNG/15825.png,/root/StrokeDataset/Bleeding/MASK/15825.npy
919,/root/StrokeDataset/Bleeding/PNG/15826.png,/root/StrokeDataset/Bleeding/MASK/15826.npy
920,/root/StrokeDataset/Bleeding/PNG/15841.png,/root/StrokeDataset/Bleeding/MASK/15841.npy
921,/root/StrokeDataset/Bleeding/PNG/15843.png,/root/StrokeDataset/Bleeding/MASK/15843.npy
922,/root/StrokeDataset/Bleeding/PNG/15844.png,/root/StrokeDataset/Bleeding/MASK/15844.npy
923,/root/StrokeDataset/Bleeding/PNG/15852.png,/root/StrokeDataset/Bleeding/MASK/15852.npy
924,/root/StrokeDataset/Bleeding/PNG/15860.png,/root/StrokeDataset/Bleeding/MASK/15860.npy
925,/root/StrokeDataset/Bleeding/PNG/15870.png,/root/StrokeDataset/Bleeding/MASK/15870.npy
926,/root/StrokeDataset/Bleeding/PNG/15871.png,/root/StrokeDataset/Bleeding/MASK/15871.npy
927,/root/StrokeDataset/Bleeding/PNG/15880.png,/root/StrokeDataset/Bleeding/MASK/15880.npy
928,/root/StrokeDataset/Bleeding/PNG/15889.png,/root/StrokeDataset/Bleeding/MASK/15889.npy
929,/root/StrokeDataset/Bleeding/PNG/15892.png,/root/StrokeDataset/Bleeding/MASK/15892.npy
930,/root/StrokeDataset/Bleeding/PNG/15893.png,/root/StrokeDataset/Bleeding/MASK/15893.npy
931,/root/StrokeDataset/Bleeding/PNG/15898.png,/root/StrokeDataset/Bleeding/MASK/15898.npy
932,/root/StrokeDataset/Bleeding/PNG/15901.png,/root/StrokeDataset/Bleeding/MASK/15901.npy
933,/root/StrokeDataset/Bleeding/PNG/15902.png,/root/StrokeDataset/Bleeding/MASK/15902.npy
934,/root/StrokeDataset/Bleeding/PNG/15910.png,/root/StrokeDataset/Bleeding/MASK/15910.npy
935,/root/StrokeDataset/Bleeding/PNG/15920.png,/root/StrokeDataset/Bleeding/MASK/15920.npy
936,/root/StrokeDataset/Bleeding/PNG/15923.png,/root/StrokeDataset/Bleeding/MASK/15923.npy
937,/root/StrokeDataset/Bleeding/PNG/15928.png,/root/StrokeDataset/Bleeding/MASK/15928.npy
938,/root/StrokeDataset/Bleeding/PNG/15939.png,/root/StrokeDataset/Bleeding/MASK/15939.npy
939,/root/StrokeDataset/Bleeding/PNG/15952.png,/root/StrokeDataset/Bleeding/MASK/15952.npy
940,/root/StrokeDataset/Bleeding/PNG/15953.png,/root/StrokeDataset/Bleeding/MASK/15953.npy
941,/root/StrokeDataset/Bleeding/PNG/15963.png,/root/StrokeDataset/Bleeding/MASK/15963.npy
942,/root/StrokeDataset/Bleeding/PNG/15969.png,/root/StrokeDataset/Bleeding/MASK/15969.npy
943,/root/StrokeDataset/Bleeding/PNG/15975.png,/root/StrokeDataset/Bleeding/MASK/15975.npy
944,/root/StrokeDataset/Bleeding/PNG/15976.png,/root/StrokeDataset/Bleeding/MASK/15976.npy
945,/root/StrokeDataset/Bleeding/PNG/15983.png,/root/StrokeDataset/Bleeding/MASK/15983.npy
946,/root/StrokeDataset/Bleeding/PNG/15985.png,/root/StrokeDataset/Bleeding/MASK/15985.npy
947,/root/StrokeDataset/Bleeding/PNG/15987.png,/root/StrokeDataset/Bleeding/MASK/15987.npy
948,/root/StrokeDataset/Bleeding/PNG/15997.png,/root/StrokeDataset/Bleeding/MASK/15997.npy
949,/root/StrokeDataset/Bleeding/PNG/16004.png,/root/StrokeDataset/Bleeding/MASK/16004.npy
950,/root/StrokeDataset/Bleeding/PNG/16018.png,/root/StrokeDataset/Bleeding/MASK/16018.npy
951,/root/StrokeDataset/Bleeding/PNG/16020.png,/root/StrokeDataset/Bleeding/MASK/16020.npy
952,/root/StrokeDataset/Bleeding/PNG/16033.png,/root/StrokeDataset/Bleeding/MASK/16033.npy
953,/root/StrokeDataset/Bleeding/PNG/16045.png,/root/StrokeDataset/Bleeding/MASK/16045.npy
954,/root/StrokeDataset/Bleeding/PNG/16051.png,/root/StrokeDataset/Bleeding/MASK/16051.npy
955,/root/StrokeDataset/Bleeding/PNG/16055.png,/root/StrokeDataset/Bleeding/MASK/16055.npy
956,/root/StrokeDataset/Bleeding/PNG/16058.png,/root/StrokeDataset/Bleeding/MASK/16058.npy
957,/root/StrokeDataset/Bleeding/PNG/16059.png,/root/StrokeDataset/Bleeding/MASK/16059.npy
958,/root/StrokeDataset/Bleeding/PNG/16066.png,/root/StrokeDataset/Bleeding/MASK/16066.npy
959,/root/StrokeDataset/Bleeding/PNG/16072.png,/root/StrokeDataset/Bleeding/MASK/16072.npy
960,/root/StrokeDataset/Bleeding/PNG/16080.png,/root/StrokeDataset/Bleeding/MASK/16080.npy
961,/root/StrokeDataset/Bleeding/PNG/16082.png,/root/StrokeDataset/Bleeding/MASK/16082.npy
962,/root/StrokeDataset/Bleeding/PNG/16083.png,/root/StrokeDataset/Bleeding/MASK/16083.npy
963,/root/StrokeDataset/Bleeding/PNG/16094.png,/root/StrokeDataset/Bleeding/MASK/16094.npy
964,/root/StrokeDataset/Bleeding/PNG/16100.png,/root/StrokeDataset/Bleeding/MASK/16100.npy
965,/root/StrokeDataset/Bleeding/PNG/16105.png,/root/StrokeDataset/Bleeding/MASK/16105.npy
966,/root/StrokeDataset/Bleeding/PNG/16107.png,/root/StrokeDataset/Bleeding/MASK/16107.npy
967,/root/StrokeDataset/Bleeding/PNG/16109.png,/root/StrokeDataset/Bleeding/MASK/16109.npy
968,/root/StrokeDataset/Bleeding/PNG/16110.png,/root/StrokeDataset/Bleeding/MASK/16110.npy
969,/root/StrokeDataset/Bleeding/PNG/16124.png,/root/StrokeDataset/Bleeding/MASK/16124.npy
970,/root/StrokeDataset/Bleeding/PNG/16126.png,/root/StrokeDataset/Bleeding/MASK/16126.npy
971,/root/StrokeDataset/Bleeding/PNG/16131.png,/root/StrokeDataset/Bleeding/MASK/16131.npy
972,/root/StrokeDataset/Bleeding/PNG/16133.png,/root/StrokeDataset/Bleeding/MASK/16133.npy
973,/root/StrokeDataset/Bleeding/PNG/16146.png,/root/StrokeDataset/Bleeding/MASK/16146.npy
974,/root/StrokeDataset/Bleeding/PNG/16150.png,/root/StrokeDataset/Bleeding/MASK/16150.npy
975,/root/StrokeDataset/Bleeding/PNG/16164.png,/root/StrokeDataset/Bleeding/MASK/16164.npy
976,/root/StrokeDataset/Bleeding/PNG/16174.png,/root/StrokeDataset/Bleeding/MASK/16174.npy
977,/root/StrokeDataset/Bleeding/PNG/16179.png,/root/StrokeDataset/Bleeding/MASK/16179.npy
978,/root/StrokeDataset/Bleeding/PNG/16187.png,/root/StrokeDataset/Bleeding/MASK/16187.npy
979,/root/StrokeDataset/Bleeding/PNG/16188.png,/root/StrokeDataset/Bleeding/MASK/16188.npy
980,/root/StrokeDataset/Bleeding/PNG/16190.png,/root/StrokeDataset/Bleeding/MASK/16190.npy
981,/root/StrokeDataset/Bleeding/PNG/16191.png,/root/StrokeDataset/Bleeding/MASK/16191.npy
982,/root/StrokeDataset/Bleeding/PNG/16199.png,/root/StrokeDataset/Bleeding/MASK/16199.npy
983,/root/StrokeDataset/Bleeding/PNG/16211.png,/root/StrokeDataset/Bleeding/MASK/16211.npy
984,/root/StrokeDataset/Bleeding/PNG/16218.png,/root/StrokeDataset/Bleeding/MASK/16218.npy
985,/root/StrokeDataset/Bleeding/PNG/16227.png,/root/StrokeDataset/Bleeding/MASK/16227.npy
986,/root/StrokeDataset/Bleeding/PNG/16230.png,/root/StrokeDataset/Bleeding/MASK/16230.npy
987,/root/StrokeDataset/Bleeding/PNG/16234.png,/root/StrokeDataset/Bleeding/MASK/16234.npy
988,/root/StrokeDataset/Bleeding/PNG/16237.png,/root/StrokeDataset/Bleeding/MASK/16237.npy
989,/root/StrokeDataset/Bleeding/PNG/16239.png,/root/StrokeDataset/Bleeding/MASK/16239.npy
990,/root/StrokeDataset/Bleeding/PNG/16243.png,/root/StrokeDataset/Bleeding/MASK/16243.npy
991,/root/StrokeDataset/Bleeding/PNG/16261.png,/root/StrokeDataset/Bleeding/MASK/16261.npy
992,/root/StrokeDataset/Bleeding/PNG/16272.png,/root/StrokeDataset/Bleeding/MASK/16272.npy
993,/root/StrokeDataset/Bleeding/PNG/16279.png,/root/StrokeDataset/Bleeding/MASK/16279.npy
994,/root/StrokeDataset/Bleeding/PNG/16305.png,/root/StrokeDataset/Bleeding/MASK/16305.npy
995,/root/StrokeDataset/Bleeding/PNG/16323.png,/root/StrokeDataset/Bleeding/MASK/16323.npy
996,/root/StrokeDataset/Bleeding/PNG/16324.png,/root/StrokeDataset/Bleeding/MASK/16324.npy
997,/root/StrokeDataset/Bleeding/PNG/16326.png,/root/StrokeDataset/Bleeding/MASK/16326.npy
998,/root/StrokeDataset/Bleeding/PNG/16329.png,/root/StrokeDataset/Bleeding/MASK/16329.npy
999,/root/StrokeDataset/Bleeding/PNG/16332.png,/root/StrokeDataset/Bleeding/MASK/16332.npy
1000,/root/StrokeDataset/Bleeding/PNG/16333.png,/root/StrokeDataset/Bleeding/MASK/16333.npy
1001,/root/StrokeDataset/Bleeding/PNG/16360.png,/root/StrokeDataset/Bleeding/MASK/16360.npy
1002,/root/StrokeDataset/Bleeding/PNG/16363.png,/root/StrokeDataset/Bleeding/MASK/16363.npy
1003,/root/StrokeDataset/Bleeding/PNG/16364.png,/root/StrokeDataset/Bleeding/MASK/16364.npy
1004,/root/StrokeDataset/Bleeding/PNG/16368.png,/root/StrokeDataset/Bleeding/MASK/16368.npy
1005,/root/StrokeDataset/Bleeding/PNG/16378.png,/root/StrokeDataset/Bleeding/MASK/16378.npy
1006,/root/StrokeDataset/Bleeding/PNG/16391.png,/root/StrokeDataset/Bleeding/MASK/16391.npy
1007,/root/StrokeDataset/Bleeding/PNG/16418.png,/root/StrokeDataset/Bleeding/MASK/16418.npy
1008,/root/StrokeDataset/Bleeding/PNG/16433.png,/root/StrokeDataset/Bleeding/MASK/16433.npy
1009,/root/StrokeDataset/Bleeding/PNG/16441.png,/root/StrokeDataset/Bleeding/MASK/16441.npy
1010,/root/StrokeDataset/Bleeding/PNG/16446.png,/root/StrokeDataset/Bleeding/MASK/16446.npy
1011,/root/StrokeDataset/Bleeding/PNG/16452.png,/root/StrokeDataset/Bleeding/MASK/16452.npy
1012,/root/StrokeDataset/Bleeding/PNG/16453.png,/root/StrokeDataset/Bleeding/MASK/16453.npy
1013,/root/StrokeDataset/Bleeding/PNG/16459.png,/root/StrokeDataset/Bleeding/MASK/16459.npy
1014,/root/StrokeDataset/Bleeding/PNG/16471.png,/root/StrokeDataset/Bleeding/MASK/16471.npy
1015,/root/StrokeDataset/Bleeding/PNG/16474.png,/root/StrokeDataset/Bleeding/MASK/16474.npy
1016,/root/StrokeDataset/Bleeding/PNG/16479.png,/root/StrokeDataset/Bleeding/MASK/16479.npy
1017,/root/StrokeDataset/Bleeding/PNG/16481.png,/root/StrokeDataset/Bleeding/MASK/16481.npy
1018,/root/StrokeDataset/Bleeding/PNG/16484.png,/root/StrokeDataset/Bleeding/MASK/16484.npy
1019,/root/StrokeDataset/Bleeding/PNG/16494.png,/root/StrokeDataset/Bleeding/MASK/16494.npy
1020,/root/StrokeDataset/Bleeding/PNG/16501.png,/root/StrokeDataset/Bleeding/MASK/16501.npy
1021,/root/StrokeDataset/Bleeding/PNG/16527.png,/root/StrokeDataset/Bleeding/MASK/16527.npy
1022,/root/StrokeDataset/Bleeding/PNG/16538.png,/root/StrokeDataset/Bleeding/MASK/16538.npy
1023,/root/StrokeDataset/Bleeding/PNG/16539.png,/root/StrokeDataset/Bleeding/MASK/16539.npy
1024,/root/StrokeDataset/Bleeding/PNG/16540.png,/root/StrokeDataset/Bleeding/MASK/16540.npy
1025,/root/StrokeDataset/Bleeding/PNG/16541.png,/root/StrokeDataset/Bleeding/MASK/16541.npy
1026,/root/StrokeDataset/Bleeding/PNG/16558.png,/root/StrokeDataset/Bleeding/MASK/16558.npy
1027,/root/StrokeDataset/Bleeding/PNG/16564.png,/root/StrokeDataset/Bleeding/MASK/16564.npy
1028,/root/StrokeDataset/Bleeding/PNG/16572.png,/root/StrokeDataset/Bleeding/MASK/16572.npy
1029,/root/StrokeDataset/Bleeding/PNG/16585.png,/root/StrokeDataset/Bleeding/MASK/16585.npy
1030,/root/StrokeDataset/Bleeding/PNG/16595.png,/root/StrokeDataset/Bleeding/MASK/16595.npy
1031,/root/StrokeDataset/Bleeding/PNG/16599.png,/root/StrokeDataset/Bleeding/MASK/16599.npy
1032,/root/StrokeDataset/Bleeding/PNG/16622.png,/root/StrokeDataset/Bleeding/MASK/16622.npy
1033,/root/StrokeDataset/Bleeding/PNG/16629.png,/root/StrokeDataset/Bleeding/MASK/16629.npy
1034,/root/StrokeDataset/Bleeding/PNG/16644.png,/root/StrokeDataset/Bleeding/MASK/16644.npy
1035,/root/StrokeDataset/Bleeding/PNG/16655.png,/root/StrokeDataset/Bleeding/MASK/16655.npy
1036,/root/StrokeDataset/Bleeding/PNG/16662.png,/root/StrokeDataset/Bleeding/MASK/16662.npy
1037,/root/StrokeDataset/Bleeding/PNG/16663.png,/root/StrokeDataset/Bleeding/MASK/16663.npy
1038,/root/StrokeDataset/Bleeding/PNG/16666.png,/root/StrokeDataset/Bleeding/MASK/16666.npy
1039,/root/StrokeDataset/Bleeding/PNG/16667.png,/root/StrokeDataset/Bleeding/MASK/16667.npy
1040,/root/StrokeDataset/Bleeding/PNG/16672.png,/root/StrokeDataset/Bleeding/MASK/16672.npy
1041,/root/StrokeDataset/Bleeding/PNG/16677.png,/root/StrokeDataset/Bleeding/MASK/16677.npy
1042,/root/StrokeDataset/Bleeding/PNG/16679.png,/root/StrokeDataset/Bleeding/MASK/16679.npy
1043,/root/StrokeDataset/Bleeding/PNG/16681.png,/root/StrokeDataset/Bleeding/MASK/16681.npy
1044,/root/StrokeDataset/Bleeding/PNG/16684.png,/root/StrokeDataset/Bleeding/MASK/16684.npy
1045,/root/StrokeDataset/Bleeding/PNG/16695.png,/root/StrokeDataset/Bleeding/MASK/16695.npy
1046,/root/StrokeDataset/Bleeding/PNG/16701.png,/root/StrokeDataset/Bleeding/MASK/16701.npy
1047,/root/StrokeDataset/Bleeding/PNG/16703.png,/root/StrokeDataset/Bleeding/MASK/16703.npy
1048,/root/StrokeDataset/Bleeding/PNG/16714.png,/root/StrokeDataset/Bleeding/MASK/16714.npy
1049,/root/StrokeDataset/Bleeding/PNG/16722.png,/root/StrokeDataset/Bleeding/MASK/16722.npy
1050,/root/StrokeDataset/Bleeding/PNG/16744.png,/root/StrokeDataset/Bleeding/MASK/16744.npy
1051,/root/StrokeDataset/Bleeding/PNG/16746.png,/root/StrokeDataset/Bleeding/MASK/16746.npy
1052,/root/StrokeDataset/Bleeding/PNG/16747.png,/root/StrokeDataset/Bleeding/MASK/16747.npy
1053,/root/StrokeDataset/Bleeding/PNG/16756.png,/root/StrokeDataset/Bleeding/MASK/16756.npy
1054,/root/StrokeDataset/Bleeding/PNG/16769.png,/root/StrokeDataset/Bleeding/MASK/16769.npy
1055,/root/StrokeDataset/Bleeding/PNG/16780.png,/root/StrokeDataset/Bleeding/MASK/16780.npy
1056,/root/StrokeDataset/Bleeding/PNG/16790.png,/root/StrokeDataset/Bleeding/MASK/16790.npy
1057,/root/StrokeDataset/Bleeding/PNG/16799.png,/root/StrokeDataset/Bleeding/MASK/16799.npy
1058,/root/StrokeDataset/Bleeding/PNG/16806.png,/root/StrokeDataset/Bleeding/MASK/16806.npy
1059,/root/StrokeDataset/Bleeding/PNG/16807.png,/root/StrokeDataset/Bleeding/MASK/16807.npy
1060,/root/StrokeDataset/Bleeding/PNG/16811.png,/root/StrokeDataset/Bleeding/MASK/16811.npy
1061,/root/StrokeDataset/Bleeding/PNG/16817.png,/root/StrokeDataset/Bleeding/MASK/16817.npy
1062,/root/StrokeDataset/Bleeding/PNG/16818.png,/root/StrokeDataset/Bleeding/MASK/16818.npy
1063,/root/StrokeDataset/Bleeding/PNG/16819.png,/root/StrokeDataset/Bleeding/MASK/16819.npy
1064,/root/StrokeDataset/Bleeding/PNG/16824.png,/root/StrokeDataset/Bleeding/MASK/16824.npy
1065,/root/StrokeDataset/Bleeding/PNG/16844.png,/root/StrokeDataset/Bleeding/MASK/16844.npy
1066,/root/StrokeDataset/Bleeding/PNG/16859.png,/root/StrokeDataset/Bleeding/MASK/16859.npy
1067,/root/StrokeDataset/Bleeding/PNG/16860.png,/root/StrokeDataset/Bleeding/MASK/16860.npy
1068,/root/StrokeDataset/Bleeding/PNG/16861.png,/root/StrokeDataset/Bleeding/MASK/16861.npy
1069,/root/StrokeDataset/Bleeding/PNG/16862.png,/root/StrokeDataset/Bleeding/MASK/16862.npy
1070,/root/StrokeDataset/Bleeding/PNG/16866.png,/root/StrokeDataset/Bleeding/MASK/16866.npy
1071,/root/StrokeDataset/Bleeding/PNG/16867.png,/root/StrokeDataset/Bleeding/MASK/16867.npy
1072,/root/StrokeDataset/Bleeding/PNG/16886.png,/root/StrokeDataset/Bleeding/MASK/16886.npy
1073,/root/StrokeDataset/Bleeding/PNG/16889.png,/root/StrokeDataset/Bleeding/MASK/16889.npy
1074,/root/StrokeDataset/Bleeding/PNG/16892.png,/root/StrokeDataset/Bleeding/MASK/16892.npy
1075,/root/StrokeDataset/Bleeding/PNG/16910.png,/root/StrokeDataset/Bleeding/MASK/16910.npy
1076,/root/StrokeDataset/Bleeding/PNG/16916.png,/root/StrokeDataset/Bleeding/MASK/16916.npy
1077,/root/StrokeDataset/Bleeding/PNG/16940.png,/root/StrokeDataset/Bleeding/MASK/16940.npy
1078,/root/StrokeDataset/Bleeding/PNG/16950.png,/root/StrokeDataset/Bleeding/MASK/16950.npy
1079,/root/StrokeDataset/Bleeding/PNG/16952.png,/root/StrokeDataset/Bleeding/MASK/16952.npy
1080,/root/StrokeDataset/Bleeding/PNG/16955.png,/root/StrokeDataset/Bleeding/MASK/16955.npy
1081,/root/StrokeDataset/Bleeding/PNG/16962.png,/root/StrokeDataset/Bleeding/MASK/16962.npy
1082,/root/StrokeDataset/Bleeding/PNG/16966.png,/root/StrokeDataset/Bleeding/MASK/16966.npy
1083,/root/StrokeDataset/Bleeding/PNG/16968.png,/root/StrokeDataset/Bleeding/MASK/16968.npy
1084,/root/StrokeDataset/Bleeding/PNG/16973.png,/root/StrokeDataset/Bleeding/MASK/16973.npy
1085,/root/StrokeDataset/Bleeding/PNG/16976.png,/root/StrokeDataset/Bleeding/MASK/16976.npy
1086,/root/StrokeDataset/Bleeding/PNG/16996.png,/root/StrokeDataset/Bleeding/MASK/16996.npy
1087,/root/StrokeDataset/Bleeding/PNG/17000.png,/root/StrokeDataset/Bleeding/MASK/17000.npy
1088,/root/StrokeDataset/Bleeding/PNG/17009.png,/root/StrokeDataset/Bleeding/MASK/17009.npy
1089,/root/StrokeDataset/Bleeding/PNG/17011.png,/root/StrokeDataset/Bleeding/MASK/17011.npy
1090,/root/StrokeDataset/Bleeding/PNG/17016.png,/root/StrokeDataset/Bleeding/MASK/17016.npy
1091,/root/StrokeDataset/Bleeding/PNG/17027.png,/root/StrokeDataset/Bleeding/MASK/17027.npy
1092,/root/StrokeDataset/Bleeding/PNG/17028.png,/root/StrokeDataset/Bleeding/MASK/17028.npy
